Slice,Left,Right,Top,Bottom,Line_Avg,Dwell
662,1202,8603,4670,8003,2,700
2399,1202,8603,4670,8003,2,700
222,1202,8603,4670,8003,2,700
1486,1202,8603,4670,8003,2,700
331,1202,8603,4670,8003,2,700
2021,1202,8603,4670,8003,2,700
1067,1202,8603,4670,8003,2,700
1276,1202,8603,4670,8003,2,700
1208,1202,8603,4670,8003,2,700
2092,1202,8603,4670,8003,2,700
1060,1202,8603,4670,8003,2,700
508,1202,8603,4670,8003,2,700
1270,1202,8603,4670,8003,2,700
474,1202,8603,4670,8003,2,700
35,1050,8650,4670,8421,1,1200
1545,1202,8603,4670,8003,2,700
1718,1202,8603,4670,8003,2,700
496,1202,8603,4670,8003,2,700
808,1202,8603,4670,8003,2,700
877,1202,8603,4670,8003,2,700
1428,1202,8603,4670,8003,2,700
471,1202,8603,4670,8003,2,700
921,1202,8603,4670,8003,2,700
256,1202,8603,4670,8003,2,700
1462,1202,8603,4670,8003,2,700
188,1202,8603,4670,8003,2,700
1022,1202,8603,4670,8003,2,700
2213,1202,8603,4670,8003,2,700
376,1202,8603,4670,8003,2,700
1378,1202,8603,4670,8003,2,700
2439,1202,8603,4670,8003,2,700
1638,1202,8603,4670,8003,2,700
135,1202,8603,4670,8003,2,700
2014,1202,8603,4670,8003,2,700
1269,1202,8603,4670,8003,2,700
2280,1202,8603,4670,8003,2,700
185,1202,8603,4670,8003,2,700
410,1202,8603,4670,8003,2,700
2478,1202,8603,4670,8003,2,700
1721,1202,8603,4670,8003,2,700
2040,1202,8603,4670,8003,2,700
1969,1202,8603,4670,8003,2,700
2130,1202,8603,4670,8003,2,700
1884,1202,8603,4670,8003,2,700
202,1202,8603,4670,8003,2,700
1387,1202,8603,4670,8003,2,700
1146,1202,8603,4670,8003,2,700
1183,1202,8603,4670,8003,2,700
270,1202,8603,4670,8003,2,700
1780,1202,8603,4670,8003,2,700
375,1202,8603,4670,8003,2,700
39,1145,8650,4670,8421,1,1200
676,1202,8603,4670,8003,2,700
142,1202,8603,4670,8003,2,700
981,1202,8603,4670,8003,2,700
2442,1202,8603,4670,8003,2,700
1312,1202,8603,4670,8003,2,700
2389,1202,8603,4670,8003,2,700
1909,1202,8603,4670,8003,2,700
712,1202,8603,4670,8003,2,700
1769,1202,8603,4670,8003,2,700
980,1202,8603,4670,8003,2,700
875,1202,8603,4670,8003,2,700
1483,1202,8603,4670,8003,2,700
1327,1202,8603,4670,8003,2,700
1216,1202,8603,4670,8003,2,700
176,1202,8603,4670,8003,2,700
826,1202,8603,4670,8003,2,700
1491,1202,8603,4670,8003,2,700
1203,1202,8603,4670,8003,2,700
2242,1202,8603,4670,8003,2,700
243,1202,8603,4670,8003,2,700
652,1202,8603,4670,8003,2,700
2314,1202,8603,4670,8003,2,700
1353,1202,8603,4670,8003,2,700
1523,1202,8603,4670,8003,2,700
2275,1202,8603,4670,8003,2,700
773,1202,8603,4670,8003,2,700
2023,1202,8603,4670,8003,2,700
488,1202,8603,4670,8003,2,700
2194,1202,8603,4670,8003,2,700
1232,1202,8603,4670,8003,2,700
143,1202,8603,4670,8003,2,700
1855,1202,8603,4670,8003,2,700
1184,1202,8603,4670,8003,2,700
351,1202,8603,4670,8003,2,700
2289,1202,8603,4670,8003,2,700
2018,1202,8603,4670,8003,2,700
2045,1202,8603,4670,8003,2,700
506,1202,8603,4670,8003,2,700
404,1202,8603,4670,8003,2,700
737,1202,8603,4670,8003,2,700
2091,1202,8603,4670,8003,2,700
1932,1202,8603,4670,8003,2,700
1043,1202,8603,4670,8003,2,700
1818,1202,8603,4670,8003,2,700
1121,1202,8603,4670,8003,2,700
2237,1202,8603,4670,8003,2,700
422,1202,8603,4670,8003,2,700
74,1202,8603,4670,8032,2,800
1226,1202,8603,4670,8003,2,700
2288,1202,8603,4670,8003,2,700
2013,1202,8603,4670,8003,2,700
1894,1202,8603,4670,8003,2,700
878,1202,8603,4670,8003,2,700
221,1202,8603,4670,8003,2,700
1289,1202,8603,4670,8003,2,700
338,1202,8603,4670,8003,2,700
384,1202,8603,4670,8003,2,700
2446,1202,8603,4670,8003,2,700
1801,1202,8603,4670,8003,2,700
2182,1202,8603,4670,8003,2,700
1425,1202,8603,4670,8003,2,700
2406,1202,8603,4670,8003,2,700
563,1202,8603,4670,8003,2,700
960,1202,8603,4670,8003,2,700
2235,1202,8603,4670,8003,2,700
1410,1202,8603,4670,8003,2,700
397,1202,8603,4670,8003,2,700
1739,1202,8603,4670,8003,2,700
255,1202,8603,4670,8003,2,700
2291,1202,8603,4670,8003,2,700
1962,1202,8603,4670,8003,2,700
490,1202,8603,4670,8003,2,700
1893,1202,8603,4670,8003,2,700
1172,1202,8603,4670,8003,2,700
1905,1202,8603,4670,8003,2,700
104,1202,8603,4679,8003,2,700
2060,1202,8603,4670,8003,2,700
100,1202,8603,4679,8003,2,700
457,1202,8603,4670,8003,2,700
2030,1202,8603,4670,8003,2,700
1368,1202,8603,4670,8003,2,700
454,1202,8603,4670,8003,2,700
1706,1202,8603,4670,8003,2,700
499,1202,8603,4670,8003,2,700
1443,1202,8603,4670,8003,2,700
2301,1202,8603,4670,8003,2,700
2191,1202,8603,4670,8003,2,700
1493,1202,8603,4670,8003,2,700
1492,1202,8603,4670,8003,2,700
1907,1202,8603,4670,8003,2,700
2348,1202,8603,4670,8003,2,700
555,1202,8603,4670,8003,2,700
1945,1202,8603,4670,8003,2,700
1551,1202,8603,4670,8003,2,700
928,1202,8603,4670,8003,2,700
1214,1202,8603,4670,8003,2,700
2164,1202,8603,4670,8003,2,700
817,1202,8603,4670,8003,2,700
843,1202,8603,4670,8003,2,700
1388,1202,8603,4670,8003,2,700
469,1202,8603,4670,8003,2,700
350,1202,8603,4670,8003,2,700
214,1202,8603,4670,8003,2,700
25,1050,8650,4670,8421,1,1100
2185,1202,8603,4670,8003,2,700
1562,1202,8603,4670,8003,2,700
1279,1202,8603,4670,8003,2,700
472,1202,8603,4670,8003,2,700
1192,1202,8603,4670,8003,2,700
1261,1202,8603,4670,8003,2,700
382,1202,8603,4670,8003,2,700
286,1202,8603,4670,8003,2,700
755,1202,8603,4670,8003,2,700
2449,1202,8603,4670,8003,2,700
1895,1202,8603,4670,8003,2,700
1131,1202,8603,4670,8003,2,700
1559,1202,8603,4670,8003,2,700
1286,1202,8603,4670,8003,2,700
1607,1202,8603,4670,8003,2,700
337,1202,8603,4670,8003,2,700
442,1202,8603,4670,8003,2,700
1744,1202,8603,4670,8003,2,700
2496,1202,8603,4670,8003,2,700
1116,1202,8603,4670,8003,2,700
1035,1202,8603,4670,8003,2,700
121,1202,8603,4670,8003,2,700
1985,1202,8603,4670,8003,2,700
783,1202,8603,4670,8003,2,700
2382,1202,8603,4670,8003,2,700
1337,1202,8603,4670,8003,2,700
1994,1202,8603,4670,8003,2,700
194,1202,8603,4670,8003,2,700
987,1202,8603,4670,8003,2,700
1597,1202,8603,4670,8003,2,700
2495,1202,8603,4670,8003,2,700
1820,1202,8603,4670,8003,2,700
2062,1202,8603,4670,8003,2,700
558,1202,8603,4670,8003,2,700
1777,1202,8603,4670,8003,2,700
822,1202,8603,4670,8003,2,700
2047,1202,8603,4670,8003,2,700
1076,1202,8603,4670,8003,2,700
2260,1202,8603,4670,8003,2,700
1283,1202,8603,4670,8003,2,700
983,1202,8603,4670,8003,2,700
513,1202,8603,4670,8003,2,700
775,1202,8603,4670,8003,2,700
1042,1202,8603,4670,8003,2,700
403,1202,8603,4670,8003,2,700
1095,1202,8603,4670,8003,2,700
1175,1202,8603,4670,8003,2,700
219,1202,8603,4670,8003,2,700
2392,1202,8603,4670,8003,2,700
345,1202,8603,4670,8003,2,700
1295,1202,8603,4670,8003,2,700
1487,1202,8603,4670,8003,2,700
1752,1202,8603,4670,8003,2,700
2417,1202,8603,4670,8003,2,700
1995,1202,8603,4670,8003,2,700
659,1202,8603,4670,8003,2,700
15,1050,8650,4670,8507,1,600
2277,1202,8603,4670,8003,2,700
282,1202,8603,4670,8003,2,700
175,1202,8603,4670,8003,2,700
106,1202,8603,4679,8003,2,700
2459,1202,8603,4670,8003,2,700
1088,1202,8603,4670,8003,2,700
278,1202,8603,4670,8003,2,700
887,1202,8603,4670,8003,2,700
1446,1202,8603,4670,8003,2,700
2088,1202,8603,4670,8003,2,700
189,1202,8603,4670,8003,2,700
2432,1202,8603,4670,8003,2,700
165,1202,8603,4670,8003,2,700
1789,1202,8603,4670,8003,2,700
2342,1202,8603,4670,8003,2,700
2503,1202,8603,4670,8003,2,700
1025,1202,8603,4670,8003,2,700
550,1202,8603,4670,8003,2,700
2268,1202,8603,4670,8003,2,700
1367,1202,8603,4670,8003,2,700
2337,1202,8603,4670,8003,2,700
356,1202,8603,4670,8003,2,700
267,1202,8603,4670,8003,2,700
178,1202,8603,4670,8003,2,700
569,1202,8603,4670,8003,2,700
2137,1202,8603,4670,8003,2,700
1453,1202,8603,4670,8003,2,700
1728,1202,8603,4670,8003,2,700
2511,1202,8603,4670,8003,2,700
2394,1202,8603,4670,8003,2,700
1471,1202,8603,4670,8003,2,700
1949,1202,8603,4670,8003,2,700
1384,1202,8603,4670,8003,2,700
1187,1202,8603,4670,8003,2,700
894,1202,8603,4670,8003,2,700
2059,1202,8603,4670,8003,2,700
1374,1202,8603,4670,8003,2,700
669,1202,8603,4670,8003,2,700
192,1202,8603,4670,8003,2,700
302,1202,8603,4670,8003,2,700
1775,1202,8603,4670,8003,2,700
1158,1202,8603,4670,8003,2,700
1768,1202,8603,4670,8003,2,700
2231,1202,8603,4670,8003,2,700
2299,1202,8603,4670,8003,2,700
977,1202,8603,4670,8003,2,700
1930,1202,8603,4670,8003,2,700
2109,1202,8603,4670,8003,2,700
2328,1202,8603,4670,8003,2,700
2434,1202,8603,4670,8003,2,700
458,1202,8603,4670,8003,2,700
788,1202,8603,4670,8003,2,700
1959,1202,8603,4670,8003,2,700
2169,1202,8603,4670,8003,2,700
330,1202,8603,4670,8003,2,700
2418,1202,8603,4670,8003,2,700
1301,1202,8603,4670,8003,2,700
1003,1202,8603,4670,8003,2,700
162,1202,8603,4670,8003,2,700
2353,1202,8603,4670,8003,2,700
690,1202,8603,4670,8003,2,700
1603,1202,8603,4670,8003,2,700
1090,1202,8603,4670,8003,2,700
663,1202,8603,4670,8003,2,700
70,1202,8603,4670,8032,2,700
2011,1202,8603,4670,8003,2,700
1554,1202,8603,4670,8003,2,700
758,1202,8603,4670,8003,2,700
1541,1202,8603,4670,8003,2,700
1759,1202,8603,4670,8003,2,700
1394,1202,8603,4670,8003,2,700
861,1202,8603,4670,8003,2,700
1285,1202,8603,4670,8003,2,700
1445,1202,8603,4670,8003,2,700
1628,1202,8603,4670,8003,2,700
1843,1202,8603,4670,8003,2,700
1174,1202,8603,4670,8003,2,700
160,1202,8603,4670,8003,2,700
1435,1202,8603,4670,8003,2,700
1181,1202,8603,4670,8003,2,700
845,1202,8603,4670,8003,2,700
230,1202,8603,4670,8003,2,700
388,1202,8603,4670,8003,2,700
2247,1202,8603,4670,8003,2,700
2019,1202,8603,4670,8003,2,700
2155,1202,8603,4670,8003,2,700
159,1202,8603,4670,8003,2,700
1842,1202,8603,4670,8003,2,700
1293,1202,8603,4670,8003,2,700
66,1174,8679,4670,8032,2,700
1522,1202,8603,4670,8003,2,700
2318,1202,8603,4670,8003,2,700
1593,1202,8603,4670,8003,2,700
2357,1202,8603,4670,8003,2,700
2093,1202,8603,4670,8003,2,700
2283,1202,8603,4670,8003,2,700
2426,1202,8603,4670,8003,2,700
1264,1202,8603,4670,8003,2,700
1535,1202,8603,4670,8003,2,700
2322,1202,8603,4670,8003,2,700
355,1202,8603,4670,8003,2,700
240,1202,8603,4670,8003,2,700
1280,1202,8603,4670,8003,2,700
1946,1202,8603,4670,8003,2,700
644,1202,8603,4670,8003,2,700
231,1202,8603,4670,8003,2,700
1070,1202,8603,4670,8003,2,700
842,1202,8603,4670,8003,2,700
1515,1202,8603,4670,8003,2,700
1703,1202,8603,4670,8003,2,700
234,1202,8603,4670,8003,2,700
2494,1202,8603,4670,8003,2,700
493,1202,8603,4670,8003,2,700
658,1202,8603,4670,8003,2,700
1974,1202,8603,4670,8003,2,700
38,1098,8603,4670,8421,1,1200
1582,1202,8603,4670,8003,2,700
807,1202,8603,4670,8003,2,700
349,1202,8603,4670,8003,2,700
874,1202,8603,4670,8003,2,700
762,1202,8603,4670,8003,2,700
2166,1202,8603,4670,8003,2,700
2254,1202,8603,4670,8003,2,700
643,1202,8603,4670,8003,2,700
1754,1202,8603,4670,8003,2,700
1639,1202,8603,4670,8003,2,700
1762,1202,8603,4670,8003,2,700
299,1202,8603,4670,8003,2,700
884,1202,8603,4670,8003,2,700
810,1202,8603,4670,8003,2,700
1599,1202,8603,4670,8003,2,700
43,1174,8679,4670,8326,2,700
1036,1202,8603,4670,8003,2,700
804,1202,8603,4670,8003,2,700
379,1202,8603,4670,8003,2,700
283,1202,8603,4670,8003,2,700
2263,1202,8603,4670,8003,2,700
2199,1202,8603,4670,8003,2,700
697,1202,8603,4670,8003,2,700
709,1202,8603,4670,8003,2,700
1608,1202,8603,4670,8003,2,700
1477,1202,8603,4670,8003,2,700
298,1202,8603,4670,8003,2,700
360,1202,8603,4670,8003,2,700
318,1202,8603,4670,8003,2,700
2171,1202,8603,4670,8003,2,700
603,1202,8603,4670,8003,2,700
1361,1202,8603,4670,8003,2,700
2274,1202,8603,4670,8003,2,700
1697,1202,8603,4670,8003,2,700
582,1202,8603,4670,8003,2,700
1377,1202,8603,4670,8003,2,700
210,1202,8603,4670,8003,2,700
1782,1202,8603,4670,8003,2,700
1857,1202,8603,4670,8003,2,700
2143,1202,8603,4670,8003,2,700
811,1202,8603,4670,8003,2,700
295,1202,8603,4670,8003,2,700
1345,1202,8603,4670,8003,2,700
2168,1202,8603,4670,8003,2,700
761,1202,8603,4670,8003,2,700
766,1202,8603,4670,8003,2,700
2052,1202,8603,4670,8003,2,700
1423,1202,8603,4670,8003,2,700
373,1202,8603,4670,8003,2,700
925,1202,8603,4670,8003,2,700
20,1050,8650,4670,8421,1,800
76,1202,8603,4670,8013,2,800
434,1202,8603,4670,8003,2,700
533,1202,8603,4670,8003,2,700
910,1202,8603,4670,8003,2,700
952,1202,8603,4670,8003,2,700
328,1202,8603,4670,8003,2,700
324,1202,8603,4670,8003,2,700
1886,1202,8603,4670,8003,2,700
675,1202,8603,4670,8003,2,700
1317,1202,8603,4670,8003,2,700
170,1202,8603,4670,8003,2,700
1414,1202,8603,4670,8003,2,700
2016,1202,8603,4670,8003,2,700
1342,1202,8603,4670,8003,2,700
2501,1202,8603,4670,8003,2,700
2180,1202,8603,4670,8003,2,700
1757,1202,8603,4670,8003,2,700
1019,1202,8603,4670,8003,2,700
898,1202,8603,4670,8003,2,700
625,1202,8603,4670,8003,2,700
362,1202,8603,4670,8003,2,700
2208,1202,8603,4670,8003,2,700
1653,1202,8603,4670,8003,2,700
2480,1202,8603,4670,8003,2,700
613,1202,8603,4670,8003,2,700
2396,1202,8603,4670,8003,2,700
1747,1202,8603,4670,8003,2,700
2462,1202,8603,4670,8003,2,700
2435,1202,8603,4670,8003,2,700
1065,1202,8603,4670,8003,2,700
2287,1202,8603,4670,8003,2,700
1150,1202,8603,4670,8003,2,700
125,1202,8603,4670,8003,2,700
820,1202,8603,4670,8003,2,700
2413,1202,8603,4670,8003,2,700
1872,1202,8603,4670,8003,2,700
1792,1202,8603,4670,8003,2,700
1106,1202,8603,4670,8003,2,700
908,1202,8603,4670,8003,2,700
1726,1202,8603,4670,8003,2,700
862,1202,8603,4670,8003,2,700
1707,1202,8603,4670,8003,2,700
146,1202,8603,4670,8003,2,700
2230,1202,8603,4670,8003,2,700
319,1202,8603,4670,8003,2,700
462,1202,8603,4670,8003,2,700
525,1202,8603,4670,8003,2,700
2436,1202,8603,4670,8003,2,700
1745,1202,8603,4670,8003,2,700
1609,1202,8603,4670,8003,2,700
193,1202,8603,4670,8003,2,700
1463,1202,8603,4670,8003,2,700
2482,1202,8603,4670,8003,2,700
641,1202,8603,4670,8003,2,700
1020,1202,8603,4670,8003,2,700
203,1202,8603,4670,8003,2,700
1194,1202,8603,4670,8003,2,700
2420,1202,8603,4670,8003,2,700
1086,1202,8603,4670,8003,2,700
2157,1202,8603,4670,8003,2,700
778,1202,8603,4670,8003,2,700
2492,1202,8603,4670,8003,2,700
2113,1202,8603,4670,8003,2,700
2167,1202,8603,4670,8003,2,700
687,1202,8603,4670,8003,2,700
2369,1202,8603,4670,8003,2,700
1356,1202,8603,4670,8003,2,700
684,1202,8603,4670,8003,2,700
2269,1202,8603,4670,8003,2,700
2058,1202,8603,4670,8003,2,700
1536,1202,8603,4670,8003,2,700
487,1202,8603,4670,8003,2,700
528,1202,8603,4670,8003,2,700
858,1202,8603,4670,8003,2,700
1641,1202,8603,4670,8003,2,700
1085,1202,8603,4670,8003,2,700
793,1202,8603,4670,8003,2,700
2358,1202,8603,4670,8003,2,700
1681,1202,8603,4670,8003,2,700
2076,1202,8603,4670,8003,2,700
2148,1202,8603,4670,8003,2,700
2152,1202,8603,4670,8003,2,700
2307,1202,8603,4670,8003,2,700
1590,1202,8603,4670,8003,2,700
1069,1202,8603,4670,8003,2,700
1970,1202,8603,4670,8003,2,700
419,1202,8603,4670,8003,2,700
853,1202,8603,4670,8003,2,700
483,1202,8603,4670,8003,2,700
1170,1202,8603,4670,8003,2,700
740,1202,8603,4670,8003,2,700
1029,1202,8603,4670,8003,2,700
2334,1202,8603,4670,8003,2,700
1135,1202,8603,4670,8003,2,700
559,1202,8603,4670,8003,2,700
1501,1202,8603,4670,8003,2,700
2056,1202,8603,4670,8003,2,700
1696,1202,8603,4670,8003,2,700
1591,1202,8603,4670,8003,2,700
2080,1202,8603,4670,8003,2,700
1835,1202,8603,4670,8003,2,700
1802,1202,8603,4670,8003,2,700
1114,1202,8603,4670,8003,2,700
1786,1202,8603,4670,8003,2,700
2110,1202,8603,4670,8003,2,700
535,1202,8603,4670,8003,2,700
1919,1202,8603,4670,8003,2,700
906,1202,8603,4670,8003,2,700
685,1202,8603,4670,8003,2,700
11,1050,8650,4670,8516,1,500
246,1202,8603,4670,8003,2,700
1057,1202,8603,4670,8003,2,700
1772,1202,8603,4670,8003,2,700
988,1202,8603,4670,8003,2,700
232,1202,8603,4670,8003,2,700
1352,1202,8603,4670,8003,2,700
1614,1202,8603,4670,8003,2,700
1288,1202,8603,4670,8003,2,700
575,1202,8603,4670,8003,2,700
1313,1202,8603,4670,8003,2,700
2284,1202,8603,4670,8003,2,700
412,1202,8603,4670,8003,2,700
782,1202,8603,4670,8003,2,700
1080,1202,8603,4670,8003,2,700
1528,1202,8603,4670,8003,2,700
359,1202,8603,4670,8003,2,700
867,1202,8603,4670,8003,2,700
1938,1202,8603,4670,8003,2,700
2081,1202,8603,4670,8003,2,700
1819,1202,8603,4670,8003,2,700
2306,1202,8603,4670,8003,2,700
1605,1202,8603,4670,8003,2,700
145,1202,8603,4670,8003,2,700
1971,1202,8603,4670,8003,2,700
2140,1202,8603,4670,8003,2,700
2350,1202,8603,4670,8003,2,700
492,1202,8603,4670,8003,2,700
485,1202,8603,4670,8003,2,700
171,1202,8603,4670,8003,2,700
638,1202,8603,4670,8003,2,700
527,1202,8603,4670,8003,2,700
1379,1202,8603,4670,8003,2,700
2054,1202,8603,4670,8003,2,700
461,1202,8603,4670,8003,2,700
1311,1202,8603,4670,8003,2,700
1834,1202,8603,4670,8003,2,700
1964,1202,8603,4670,8003,2,700
1048,1202,8603,4670,8003,2,700
128,1202,8603,4670,8003,2,700
1171,1202,8603,4670,8003,2,700
489,1202,8603,4670,8003,2,700
863,1202,8603,4670,8003,2,700
2122,1202,8603,4670,8003,2,700
2258,1202,8603,4670,8003,2,700
119,1202,8603,4670,8003,2,700
667,1202,8603,4670,8003,2,700
1278,1202,8603,4670,8003,2,700
1889,1202,8603,4670,8003,2,700
144,1202,8603,4670,8003,2,700
934,1202,8603,4670,8003,2,700
691,1202,8603,4670,8003,2,700
2425,1202,8603,4670,8003,2,700
1381,1202,8603,4670,8003,2,700
1521,1202,8603,4670,8003,2,700
1045,1202,8603,4670,8003,2,700
2473,1202,8603,4670,8003,2,700
1556,1202,8603,4670,8003,2,700
55,1174,8679,4670,8317,2,700
167,1202,8603,4670,8003,2,700
2218,1202,8603,4670,8003,2,700
976,1202,8603,4670,8003,2,700
335,1202,8603,4670,8003,2,700
2295,1202,8603,4670,8003,2,700
2402,1202,8603,4670,8003,2,700
51,1174,8679,4670,8317,2,700
2234,1202,8603,4670,8003,2,700
229,1202,8603,4670,8003,2,700
327,1202,8603,4670,8003,2,700
1811,1202,8603,4670,8003,2,700
2222,1202,8603,4670,8003,2,700
2211,1202,8603,4670,8003,2,700
1660,1202,8603,4670,8003,2,700
110,1202,8603,4679,8003,2,700
1268,1202,8603,4670,8003,2,700
655,1202,8603,4670,8003,2,700
1736,1202,8603,4670,8003,2,700
117,1202,8603,4670,8003,2,700
1715,1202,8603,4670,8003,2,700
2241,1202,8603,4670,8003,2,700
2131,1202,8603,4670,8003,2,700
213,1202,8603,4670,8003,2,700
1220,1202,8603,4670,8003,2,700
974,1202,8603,4670,8003,2,700
108,1202,8603,4679,8003,2,700
1474,1202,8603,4670,8003,2,700
163,1202,8603,4670,8003,2,700
1052,1202,8603,4670,8003,2,700
1332,1202,8603,4670,8003,2,700
113,1202,8603,4679,8003,2,700
511,1202,8603,4670,8003,2,700
1981,1202,8603,4670,8003,2,700
2282,1202,8603,4670,8003,2,700
523,1202,8603,4670,8003,2,700
1882,1202,8603,4670,8003,2,700
129,1202,8603,4670,8003,2,700
871,1202,8603,4670,8003,2,700
1813,1202,8603,4670,8003,2,700
835,1202,8603,4670,8003,2,700
1916,1202,8603,4670,8003,2,700
1325,1202,8603,4670,8003,2,700
2469,1202,8603,4670,8003,2,700
596,1202,8603,4670,8003,2,700
1460,1202,8603,4670,8003,2,700
1749,1202,8603,4670,8003,2,700
2068,1202,8603,4670,8003,2,700
833,1202,8603,4670,8003,2,700
812,1202,8603,4670,8003,2,700
2504,1202,8603,4670,8003,2,700
323,1202,8603,4670,8003,2,700
2063,1202,8603,4670,8003,2,700
1364,1202,8603,4670,8003,2,700
1140,1202,8603,4670,8003,2,700
1225,1202,8603,4670,8003,2,700
2513,1202,8603,4670,8003,2,700
978,1202,8603,4670,8003,2,700
183,1202,8603,4670,8003,2,700
668,1202,8603,4670,8003,2,700
1692,1202,8603,4670,8003,2,700
1719,1202,8603,4670,8003,2,700
198,1202,8603,4670,8003,2,700
1503,1202,8603,4670,8003,2,700
1734,1202,8603,4670,8003,2,700
248,1202,8603,4670,8003,2,700
786,1202,8603,4670,8003,2,700
61,1174,8679,4670,8231,2,700
619,1202,8603,4670,8003,2,700
1659,1202,8603,4670,8003,2,700
2215,1202,8603,4670,8003,2,700
1967,1202,8603,4670,8003,2,700
696,1202,8603,4670,8003,2,700
1578,1202,8603,4670,8003,2,700
2262,1202,8603,4670,8003,2,700
2257,1202,8603,4670,8003,2,700
1774,1202,8603,4670,8003,2,700
998,1202,8603,4670,8003,2,700
1658,1202,8603,4670,8003,2,700
645,1202,8603,4670,8003,2,700
1102,1202,8603,4670,8003,2,700
728,1202,8603,4670,8003,2,700
880,1202,8603,4670,8003,2,700
1303,1202,8603,4670,8003,2,700
1914,1202,8603,4670,8003,2,700
1871,1202,8603,4670,8003,2,700
1238,1202,8603,4670,8003,2,700
2188,1202,8603,4670,8003,2,700
1611,1202,8603,4670,8003,2,700
494,1202,8603,4670,8003,2,700
801,1202,8603,4670,8003,2,700
964,1202,8603,4670,8003,2,700
2347,1202,8603,4670,8003,2,700
907,1202,8603,4670,8003,2,700
378,1202,8603,4670,8003,2,700
1231,1202,8603,4670,8003,2,700
2001,1202,8603,4670,8003,2,700
2100,1202,8603,4670,8003,2,700
570,1202,8603,4670,8003,2,700
891,1202,8603,4670,8003,2,700
630,1202,8603,4670,8003,2,700
287,1202,8603,4670,8003,2,700
538,1202,8603,4670,8003,2,700
1986,1202,8603,4670,8003,2,700
2409,1202,8603,4670,8003,2,700
2112,1202,8603,4670,8003,2,700
1602,1202,8603,4670,8003,2,700
1877,1202,8603,4670,8003,2,700
577,1202,8603,4670,8003,2,700
705,1202,8603,4670,8003,2,700
53,1174,8679,4670,8317,2,700
425,1202,8603,4670,8003,2,700
661,1202,8603,4670,8003,2,700
1961,1202,8603,4670,8003,2,700
1566,1202,8603,4670,8003,2,700
257,1202,8603,4670,8003,2,700
1392,1202,8603,4670,8003,2,700
2174,1202,8603,4670,8003,2,700
965,1202,8603,4670,8003,2,700
1565,1202,8603,4670,8003,2,700
1575,1202,8603,4670,8003,2,700
468,1202,8603,4670,8003,2,700
220,1202,8603,4670,8003,2,700
1563,1202,8603,4670,8003,2,700
2317,1202,8603,4670,8003,2,700
1310,1202,8603,4670,8003,2,700
2192,1202,8603,4670,8003,2,700
771,1202,8603,4670,8003,2,700
1630,1202,8603,4670,8003,2,700
1534,1202,8603,4670,8003,2,700
69,1202,8650,4670,8032,2,700
99,1202,8603,4679,8003,2,700
1710,1202,8603,4670,8003,2,700
1307,1202,8603,4670,8003,2,700
2457,1202,8603,4670,8003,2,700
2331,1202,8603,4670,8003,2,700
847,1202,8603,4670,8003,2,700
715,1202,8603,4670,8003,2,700
729,1202,8603,4670,8003,2,700
2229,1202,8603,4670,8003,2,700
702,1202,8603,4670,8003,2,700
36,1050,8650,4670,8421,1,1200
1771,1202,8603,4670,8003,2,700
1956,1202,8603,4670,8003,2,700
199,1202,8603,4670,8003,2,700
639,1202,8603,4670,8003,2,700
158,1202,8603,4670,8003,2,700
1365,1202,8603,4670,8003,2,700
1383,1202,8603,4670,8003,2,700
1475,1202,8603,4670,8003,2,700
2488,1202,8603,4670,8003,2,700
391,1202,8603,4670,8003,2,700
1925,1202,8603,4670,8003,2,700
2373,1202,8603,4670,8003,2,700
2089,1202,8603,4670,8003,2,700
726,1202,8603,4670,8003,2,700
1466,1202,8603,4670,8003,2,700
1809,1202,8603,4670,8003,2,700
2009,1202,8603,4670,8003,2,700
281,1202,8603,4670,8003,2,700
1935,1202,8603,4670,8003,2,700
236,1202,8603,4670,8003,2,700
1750,1202,8603,4670,8003,2,700
37,1050,8650,4670,8421,1,1200
1957,1202,8603,4670,8003,2,700
1684,1202,8603,4670,8003,2,700
361,1202,8603,4670,8003,2,700
2345,1202,8603,4670,8003,2,700
2071,1202,8603,4670,8003,2,700
1440,1202,8603,4670,8003,2,700
96,1202,8603,4679,8003,2,700
2419,1202,8603,4670,8003,2,700
1111,1202,8603,4670,8003,2,700
752,1202,8603,4670,8003,2,700
2380,1202,8603,4670,8003,2,700
288,1202,8603,4670,8003,2,700
1333,1202,8603,4670,8003,2,700
2032,1202,8603,4670,8003,2,700
1359,1202,8603,4670,8003,2,700
395,1202,8603,4670,8003,2,700
1165,1202,8603,4670,8003,2,700
1418,1202,8603,4670,8003,2,700
2111,1202,8603,4670,8003,2,700
2445,1202,8603,4670,8003,2,700
377,1202,8603,4670,8003,2,700
813,1202,8603,4670,8003,2,700
722,1202,8603,4670,8003,2,700
1796,1202,8603,4670,8003,2,700
1632,1202,8603,4670,8003,2,700
936,1202,8603,4670,8003,2,700
1806,1202,8603,4670,8003,2,700
2346,1202,8603,4670,8003,2,700
2458,1202,8603,4670,8003,2,700
2039,1202,8603,4670,8003,2,700
2034,1202,8603,4670,8003,2,700
208,1202,8603,4670,8003,2,700
1081,1202,8603,4670,8003,2,700
466,1202,8603,4670,8003,2,700
1281,1202,8603,4670,8003,2,700
725,1202,8603,4670,8003,2,700
1688,1202,8603,4670,8003,2,700
2061,1202,8603,4670,8003,2,700
271,1202,8603,4670,8003,2,700
197,1202,8603,4670,8003,2,700
1241,1202,8603,4670,8003,2,700
1050,1202,8603,4670,8003,2,700
680,1202,8603,4670,8003,2,700
491,1202,8603,4670,8003,2,700
834,1202,8603,4670,8003,2,700
515,1202,8603,4670,8003,2,700
626,1202,8603,4670,8003,2,700
64,1174,8679,4670,8032,2,700
1015,1202,8603,4670,8003,2,700
1765,1202,8603,4670,8003,2,700
1561,1202,8603,4670,8003,2,700
914,1202,8603,4670,8003,2,700
735,1202,8603,4670,8003,2,700
927,1202,8603,4670,8003,2,700
2386,1202,8603,4670,8003,2,700
765,1202,8603,4670,8003,2,700
2339,1202,8603,4670,8003,2,700
1793,1202,8603,4670,8003,2,700
341,1202,8603,4670,8003,2,700
1218,1202,8603,4670,8003,2,700
600,1202,8603,4670,8003,2,700
2035,1202,8603,4670,8003,2,700
1314,1202,8603,4670,8003,2,700
310,1202,8603,4670,8003,2,700
1764,1202,8603,4670,8003,2,700
2134,1202,8603,4670,8003,2,700
1917,1202,8603,4670,8003,2,700
1722,1202,8603,4670,8003,2,700
184,1202,8603,4670,8003,2,700
1041,1202,8603,4670,8003,2,700
1243,1202,8603,4670,8003,2,700
2507,1202,8603,4670,8003,2,700
86,1202,8603,4679,8003,2,700
406,1202,8603,4670,8003,2,700
2325,1202,8603,4670,8003,2,700
415,1202,8603,4670,8003,2,700
751,1202,8603,4670,8003,2,700
1755,1202,8603,4670,8003,2,700
1933,1202,8603,4670,8003,2,700
701,1202,8603,4670,8003,2,700
1179,1202,8603,4670,8003,2,700
138,1202,8603,4670,8003,2,700
14,1050,8650,4670,8507,1,600
1322,1202,8603,4670,8003,2,700
451,1202,8603,4670,8003,2,700
75,1202,8603,4670,8013,2,800
1746,1202,8603,4670,8003,2,700
239,1202,8603,4670,8003,2,700
1865,1202,8603,4670,8003,2,700
564,1202,8603,4670,8003,2,700
157,1202,8603,4670,8003,2,700
2290,1202,8603,4670,8003,2,700
2302,1202,8603,4670,8003,2,700
1398,1202,8603,4670,8003,2,700
1504,1202,8603,4670,8003,2,700
1350,1202,8603,4670,8003,2,700
2303,1202,8603,4670,8003,2,700
452,1202,8603,4670,8003,2,700
46,1174,8679,4670,8326,2,700
1148,1202,8603,4670,8003,2,700
806,1202,8603,4670,8003,2,700
888,1202,8603,4670,8003,2,700
967,1202,8603,4670,8003,2,700
886,1202,8603,4670,8003,2,700
2129,1202,8603,4670,8003,2,700
23,1050,8650,4670,8421,1,1100
1386,1202,8603,4670,8003,2,700
672,1202,8603,4670,8003,2,700
970,1202,8603,4670,8003,2,700
604,1202,8603,4670,8003,2,700
678,1202,8603,4670,8003,2,700
123,1202,8603,4670,8003,2,700
21,1050,8650,4670,8421,1,1000
1125,1202,8603,4670,8003,2,700
1344,1202,8603,4670,8003,2,700
1064,1202,8603,4670,8003,2,700
1120,1202,8603,4670,8003,2,700
2440,1202,8603,4670,8003,2,700
2363,1202,8603,4670,8003,2,700
1845,1202,8603,4670,8003,2,700
10,1050,8650,4670,8516,1,500
1675,1202,8603,4670,8003,2,700
852,1202,8603,4670,8003,2,700
1309,1202,8603,4670,8003,2,700
1397,1202,8603,4670,8003,2,700
73,1202,8603,4670,8032,2,800
2038,1202,8603,4670,8003,2,700
2087,1202,8603,4670,8003,2,700
177,1202,8603,4670,8003,2,700
1061,1202,8603,4670,8003,2,700
614,1202,8603,4670,8003,2,700
1422,1202,8603,4670,8003,2,700
1416,1202,8603,4670,8003,2,700
2125,1202,8603,4670,8003,2,700
1489,1202,8603,4670,8003,2,700
1426,1202,8603,4670,8003,2,700
2108,1202,8603,4670,8003,2,700
71,1202,8603,4670,8032,2,700
366,1202,8603,4670,8003,2,700
1409,1202,8603,4670,8003,2,700
62,1174,8679,4670,8136,2,700
1273,1202,8603,4670,8003,2,700
2261,1202,8603,4670,8003,2,700
1800,1202,8603,4670,8003,2,700
369,1202,8603,4670,8003,2,700
2151,1202,8603,4670,8003,2,700
1251,1202,8603,4670,8003,2,700
311,1202,8603,4670,8003,2,700
1825,1202,8603,4670,8003,2,700
2020,1202,8603,4670,8003,2,700
2095,1202,8603,4670,8003,2,700
2265,1202,8603,4670,8003,2,700
893,1202,8603,4670,8003,2,700
1902,1202,8603,4670,8003,2,700
1625,1202,8603,4670,8003,2,700
648,1202,8603,4670,8003,2,700
534,1202,8603,4670,8003,2,700
519,1202,8603,4670,8003,2,700
421,1202,8603,4670,8003,2,700
763,1202,8603,4670,8003,2,700
1215,1202,8603,4670,8003,2,700
2132,1202,8603,4670,8003,2,700
1633,1202,8603,4670,8003,2,700
704,1202,8603,4670,8003,2,700
437,1202,8603,4670,8003,2,700
939,1202,8603,4670,8003,2,700
2139,1202,8603,4670,8003,2,700
292,1202,8603,4670,8003,2,700
504,1202,8603,4670,8003,2,700
1852,1202,8603,4670,8003,2,700
1032,1202,8603,4670,8003,2,700
930,1202,8603,4670,8003,2,700
859,1202,8603,4670,8003,2,700
1104,1202,8603,4670,8003,2,700
1996,1202,8603,4670,8003,2,700
374,1202,8603,4670,8003,2,700
1138,1202,8603,4670,8003,2,700
990,1202,8603,4670,8003,2,700
1827,1202,8603,4670,8003,2,700
1553,1202,8603,4670,8003,2,700
2510,1202,8603,4670,8003,2,700
33,1050,8650,4670,8421,1,1200
821,1202,8603,4670,8003,2,700
82,1202,8603,4670,8013,2,700
1761,1202,8603,4670,8003,2,700
5,1050,8650,4660,8526,1,500
948,1202,8603,4670,8003,2,700
52,1174,8679,4670,8317,2,700
1514,1202,8603,4670,8003,2,700
2477,1202,8603,4670,8003,2,700
1727,1202,8603,4670,8003,2,700
545,1202,8603,4670,8003,2,700
2385,1202,8603,4670,8003,2,700
409,1202,8603,4670,8003,2,700
440,1202,8603,4670,8003,2,700
1853,1202,8603,4670,8003,2,700
276,1202,8603,4670,8003,2,700
1544,1202,8603,4670,8003,2,700
1592,1202,8603,4670,8003,2,700
1548,1202,8603,4670,8003,2,700
587,1202,8603,4670,8003,2,700
1677,1202,8603,4670,8003,2,700
1094,1202,8603,4670,8003,2,700
565,1202,8603,4670,8003,2,700
947,1202,8603,4670,8003,2,700
322,1202,8603,4670,8003,2,700
971,1202,8603,4670,8003,2,700
133,1202,8603,4670,8003,2,700
1328,1202,8603,4670,8003,2,700
141,1202,8603,4670,8003,2,700
473,1202,8603,4670,8003,2,700
1617,1202,8603,4670,8003,2,700
1655,1202,8603,4670,8003,2,700
400,1202,8603,4670,8003,2,700
777,1202,8603,4670,8003,2,700
2313,1202,8603,4670,8003,2,700
836,1202,8603,4670,8003,2,700
2366,1202,8603,4670,8003,2,700
1006,1202,8603,4670,8003,2,700
180,1202,8603,4670,8003,2,700
1340,1202,8603,4670,8003,2,700
1219,1202,8603,4670,8003,2,700
1664,1202,8603,4670,8003,2,700
1912,1202,8603,4670,8003,2,700
649,1202,8603,4670,8003,2,700
261,1202,8603,4670,8003,2,700
940,1202,8603,4670,8003,2,700
1335,1202,8603,4670,8003,2,700
931,1202,8603,4670,8003,2,700
2179,1202,8603,4670,8003,2,700
274,1202,8603,4670,8003,2,700
1413,1202,8603,4670,8003,2,700
1448,1202,8603,4670,8003,2,700
694,1202,8603,4670,8003,2,700
460,1202,8603,4670,8003,2,700
1066,1202,8603,4670,8003,2,700
1156,1202,8603,4670,8003,2,700
2400,1202,8603,4670,8003,2,700
1709,1202,8603,4670,8003,2,700
576,1202,8603,4670,8003,2,700
1733,1202,8603,4670,8003,2,700
1217,1202,8603,4670,8003,2,700
1776,1202,8603,4670,8003,2,700
856,1202,8603,4670,8003,2,700
2209,1202,8603,4670,8003,2,700
1190,1202,8603,4670,8003,2,700
1642,1202,8603,4670,8003,2,700
1779,1202,8603,4670,8003,2,700
530,1202,8603,4670,8003,2,700
2361,1202,8603,4670,8003,2,700
1074,1202,8603,4670,8003,2,700
314,1202,8603,4670,8003,2,700
670,1202,8603,4670,8003,2,700
1457,1202,8603,4670,8003,2,700
439,1202,8603,4670,8003,2,700
1484,1202,8603,4670,8003,2,700
2485,1202,8603,4670,8003,2,700
1026,1202,8603,4670,8003,2,700
1207,1202,8603,4670,8003,2,700
832,1202,8603,4670,8003,2,700
173,1202,8603,4670,8003,2,700
1038,1202,8603,4670,8003,2,700
996,1202,8603,4670,8003,2,700
1533,1202,8603,4670,8003,2,700
1511,1202,8603,4670,8003,2,700
2126,1202,8603,4670,8003,2,700
151,1202,8603,4670,8003,2,700
1629,1202,8603,4670,8003,2,700
1906,1202,8603,4670,8003,2,700
710,1202,8603,4670,8003,2,700
1674,1202,8603,4670,8003,2,700
79,1202,8603,4670,8013,2,800
902,1202,8603,4670,8003,2,700
115,1202,8603,4679,8003,2,700
1290,1202,8603,4670,8003,2,700
503,1202,8603,4670,8003,2,700
2508,1202,8603,4670,8003,2,700
546,1202,8603,4670,8003,2,700
637,1202,8603,4670,8003,2,700
2065,1202,8603,4670,8003,2,700
1539,1202,8603,4670,8003,2,700
394,1202,8603,4670,8003,2,700
2308,1202,8603,4670,8003,2,700
590,1202,8603,4670,8003,2,700
753,1202,8603,4670,8003,2,700
1836,1202,8603,4670,8003,2,700
779,1202,8603,4670,8003,2,700
29,1050,8650,4670,8421,2,500
2465,1202,8603,4670,8003,2,700
759,1202,8603,4670,8003,2,700
2207,1202,8603,4670,8003,2,700
1989,1202,8603,4670,8003,2,700
1576,1202,8603,4670,8003,2,700
699,1202,8603,4670,8003,2,700
254,1202,8603,4670,8003,2,700
309,1202,8603,4670,8003,2,700
757,1202,8603,4670,8003,2,700
1157,1202,8603,4670,8003,2,700
1538,1202,8603,4670,8003,2,700
1355,1202,8603,4670,8003,2,700
1395,1202,8603,4670,8003,2,700
1154,1202,8603,4670,8003,2,700
1202,1202,8603,4670,8003,2,700
1532,1202,8603,4670,8003,2,700
1963,1202,8603,4670,8003,2,700
1370,1202,8603,4670,8003,2,700
1497,1202,8603,4670,8003,2,700
1143,1202,8603,4670,8003,2,700
1837,1202,8603,4670,8003,2,700
1083,1202,8603,4670,8003,2,700
1010,1202,8603,4670,8003,2,700
1103,1202,8603,4670,8003,2,700
1136,1202,8603,4670,8003,2,700
1595,1202,8603,4670,8003,2,700
1922,1202,8603,4670,8003,2,700
617,1202,8603,4670,8003,2,700
869,1202,8603,4670,8003,2,700
1557,1202,8603,4670,8003,2,700
1161,1202,8603,4670,8003,2,700
2245,1202,8603,4670,8003,2,700
1581,1202,8603,4670,8003,2,700
2085,1202,8603,4670,8003,2,700
1093,1202,8603,4670,8003,2,700
1007,1202,8603,4670,8003,2,700
1233,1202,8603,4670,8003,2,700
1512,1202,8603,4670,8003,2,700
547,1202,8603,4670,8003,2,700
1848,1202,8603,4670,8003,2,700
2338,1202,8603,4670,8003,2,700
344,1202,8603,4670,8003,2,700
42,1174,8679,4670,8421,2,700
1626,1202,8603,4670,8003,2,700
367,1202,8603,4670,8003,2,700
300,1202,8603,4670,8003,2,700
1732,1202,8603,4670,8003,2,700
2487,1202,8603,4670,8003,2,700
795,1202,8603,4670,8003,2,700
1227,1202,8603,4670,8003,2,700
1244,1202,8603,4670,8003,2,700
1690,1202,8603,4670,8003,2,700
2067,1202,8603,4670,8003,2,700
1366,1202,8603,4670,8003,2,700
1689,1202,8603,4670,8003,2,700
1084,1202,8603,4670,8003,2,700
2429,1202,8603,4670,8003,2,700
536,1202,8603,4670,8003,2,700
2224,1202,8603,4670,8003,2,700
681,1202,8603,4670,8003,2,700
2491,1202,8603,4670,8003,2,700
2,1050,8650,4660,8526,1,600
2232,1202,8603,4670,8003,2,700
227,1202,8603,4670,8003,2,700
1804,1202,8603,4670,8003,2,700
273,1202,8603,4670,8003,2,700
1966,1202,8603,4670,8003,2,700
768,1202,8603,4670,8003,2,700
431,1202,8603,4670,8003,2,700
1246,1202,8603,4670,8003,2,700
2214,1202,8603,4670,8003,2,700
438,1202,8603,4670,8003,2,700
1753,1202,8603,4670,8003,2,700
688,1202,8603,4670,8003,2,700
1713,1202,8603,4670,8003,2,700
2181,1202,8603,4670,8003,2,700
392,1202,8603,4670,8003,2,700
2022,1202,8603,4670,8003,2,700
8,1050,8650,4670,8516,1,500
2351,1202,8603,4670,8003,2,700
1258,1202,8603,4670,8003,2,700
615,1202,8603,4670,8003,2,700
1267,1202,8603,4670,8003,2,700
935,1202,8603,4670,8003,2,700
2029,1202,8603,4670,8003,2,700
1805,1202,8603,4670,8003,2,700
1716,1202,8603,4670,8003,2,700
1524,1202,8603,4670,8003,2,700
1583,1202,8603,4670,8003,2,700
136,1202,8603,4670,8003,2,700
1089,1202,8603,4670,8003,2,700
2466,1202,8603,4670,8003,2,700
1412,1202,8603,4670,8003,2,700
1627,1202,8603,4670,8003,2,700
1631,1202,8603,4670,8003,2,700
586,1202,8603,4670,8003,2,700
131,1202,8603,4670,8003,2,700
1864,1202,8603,4670,8003,2,700
80,1202,8603,4670,8013,2,700
517,1202,8603,4670,8003,2,700
293,1202,8603,4670,8003,2,700
574,1202,8603,4670,8003,2,700
182,1202,8603,4670,8003,2,700
2330,1202,8603,4670,8003,2,700
905,1202,8603,4670,8003,2,700
1691,1202,8603,4670,8003,2,700
1530,1202,8603,4670,8003,2,700
205,1202,8603,4670,8003,2,700
81,1202,8603,4670,8013,2,700
217,1202,8603,4670,8003,2,700
797,1202,8603,4670,8003,2,700
885,1202,8603,4670,8003,2,700
1424,1202,8603,4670,8003,2,700
245,1202,8603,4670,8003,2,700
2205,1202,8603,4670,8003,2,700
551,1202,8603,4670,8003,2,700
1875,1202,8603,4670,8003,2,700
918,1202,8603,4670,8003,2,700
1072,1202,8603,4670,8003,2,700
1254,1202,8603,4670,8003,2,700
1896,1202,8603,4670,8003,2,700
666,1202,8603,4670,8003,2,700
1257,1202,8603,4670,8003,2,700
1564,1202,8603,4670,8003,2,700
1485,1202,8603,4670,8003,2,700
809,1202,8603,4670,8003,2,700
1450,1202,8603,4670,8003,2,700
1255,1202,8603,4670,8003,2,700
1315,1202,8603,4670,8003,2,700
750,1202,8603,4670,8003,2,700
130,1202,8603,4670,8003,2,700
1223,1202,8603,4670,8003,2,700
54,1174,8679,4670,8317,2,700
1193,1202,8603,4670,8003,2,700
1224,1202,8603,4670,8003,2,700
127,1202,8603,4670,8003,2,700
1701,1202,8603,4670,8003,2,700
1027,1202,8603,4670,8003,2,700
571,1202,8603,4670,8003,2,700
49,1174,8679,4670,8317,2,700
1464,1202,8603,4670,8003,2,700
2228,1202,8603,4670,8003,2,700
495,1202,8603,4670,8003,2,700
1951,1202,8603,4670,8003,2,700
651,1202,8603,4670,8003,2,700
780,1202,8603,4670,8003,2,700
992,1202,8603,4670,8003,2,700
2210,1202,8603,4670,8003,2,700
2172,1202,8603,4670,8003,2,700
1550,1202,8603,4670,8003,2,700
1988,1202,8603,4670,8003,2,700
647,1202,8603,4670,8003,2,700
1815,1202,8603,4670,8003,2,700
1252,1202,8603,4670,8003,2,700
1601,1202,8603,4670,8003,2,700
63,1174,8679,4670,8136,2,700
1284,1202,8603,4670,8003,2,700
929,1202,8603,4670,8003,2,700
480,1202,8603,4670,8003,2,700
2206,1202,8603,4670,8003,2,700
1073,1202,8603,4670,8003,2,700
802,1202,8603,4670,8003,2,700
838,1202,8603,4670,8003,2,700
1248,1202,8603,4670,8003,2,700
2378,1202,8603,4670,8003,2,700
882,1202,8603,4670,8003,2,700
1058,1202,8603,4670,8003,2,700
2243,1202,8603,4670,8003,2,700
2031,1202,8603,4670,8003,2,700
1451,1202,8603,4670,8003,2,700
44,1174,8679,4670,8326,2,700
2453,1202,8603,4670,8003,2,700
1481,1202,8603,4670,8003,2,700
2175,1202,8603,4670,8003,2,700
1465,1202,8603,4670,8003,2,700
1958,1202,8603,4670,8003,2,700
2043,1202,8603,4670,8003,2,700
2335,1202,8603,4670,8003,2,700
2195,1202,8603,4670,8003,2,700
1153,1202,8603,4670,8003,2,700
2405,1202,8603,4670,8003,2,700
1899,1202,8603,4670,8003,2,700
532,1202,8603,4670,8003,2,700
2490,1202,8603,4670,8003,2,700
2149,1202,8603,4670,8003,2,700
2053,1202,8603,4670,8003,2,700
958,1202,8603,4670,8003,2,700
2422,1202,8603,4670,8003,2,700
1854,1202,8603,4670,8003,2,700
1508,1202,8603,4670,8003,2,700
769,1202,8603,4670,8003,2,700
1142,1202,8603,4670,8003,2,700
895,1202,8603,4670,8003,2,700
2364,1202,8603,4670,8003,2,700
2377,1202,8603,4670,8003,2,700
155,1202,8603,4670,8003,2,700
2177,1202,8603,4670,8003,2,700
2098,1202,8603,4670,8003,2,700
224,1202,8603,4670,8003,2,700
1516,1202,8603,4670,8003,2,700
1199,1202,8603,4670,8003,2,700
1014,1202,8603,4670,8003,2,700
2203,1202,8603,4670,8003,2,700
467,1202,8603,4670,8003,2,700
264,1202,8603,4670,8003,2,700
2187,1202,8603,4670,8003,2,700
754,1202,8603,4670,8003,2,700
1547,1202,8603,4670,8003,2,700
683,1202,8603,4670,8003,2,700
2304,1202,8603,4670,8003,2,700
553,1202,8603,4670,8003,2,700
1832,1202,8603,4670,8003,2,700
2120,1202,8603,4670,8003,2,700
1657,1202,8603,4670,8003,2,700
1822,1202,8603,4670,8003,2,700
870,1202,8603,4670,8003,2,700
26,1050,8650,4670,8421,2,500
1051,1202,8603,4670,8003,2,700
339,1202,8603,4670,8003,2,700
58,1174,8679,4670,8317,2,700
1858,1202,8603,4670,8003,2,700
1610,1202,8603,4670,8003,2,700
1229,1202,8603,4670,8003,2,700
1717,1202,8603,4670,8003,2,700
1640,1202,8603,4670,8003,2,700
1826,1202,8603,4670,8003,2,700
2024,1202,8603,4670,8003,2,700
2460,1202,8603,4670,8003,2,700
2395,1202,8603,4670,8003,2,700
1587,1202,8603,4670,8003,2,700
1488,1202,8603,4670,8003,2,700
172,1202,8603,4670,8003,2,700
481,1202,8603,4670,8003,2,700
1266,1202,8603,4670,8003,2,700
566,1202,8603,4670,8003,2,700
1228,1202,8603,4670,8003,2,700
926,1202,8603,4670,8003,2,700
2189,1202,8603,4670,8003,2,700
2118,1202,8603,4670,8003,2,700
1112,1202,8603,4670,8003,2,700
2015,1202,8603,4670,8003,2,700
514,1202,8603,4670,8003,2,700
2327,1202,8603,4670,8003,2,700
2160,1202,8603,4670,8003,2,700
968,1202,8603,4670,8003,2,700
89,1202,8603,4679,8003,2,700
332,1202,8603,4670,8003,2,700
1668,1202,8603,4670,8003,2,700
2026,1202,8603,4670,8003,2,700
2315,1202,8603,4670,8003,2,700
85,1202,8603,4679,8003,2,700
912,1202,8603,4670,8003,2,700
2332,1202,8603,4670,8003,2,700
665,1202,8603,4670,8003,2,700
1555,1202,8603,4670,8003,2,700
1347,1202,8603,4670,8003,2,700
633,1202,8603,4670,8003,2,700
922,1202,8603,4670,8003,2,700
1790,1202,8603,4670,8003,2,700
68,1202,8650,4670,8032,2,700
2415,1202,8603,4670,8003,2,700
266,1202,8603,4670,8003,2,700
308,1202,8603,4670,8003,2,700
733,1202,8603,4670,8003,2,700
2114,1202,8603,4670,8003,2,700
1851,1202,8603,4670,8003,2,700
2204,1202,8603,4670,8003,2,700
791,1202,8603,4670,8003,2,700
560,1202,8603,4670,8003,2,700
1999,1202,8603,4670,8003,2,700
2374,1202,8603,4670,8003,2,700
1329,1202,8603,4670,8003,2,700
578,1202,8603,4670,8003,2,700
1191,1202,8603,4670,8003,2,700
1654,1202,8603,4670,8003,2,700
1282,1202,8603,4670,8003,2,700
1358,1202,8603,4670,8003,2,700
748,1202,8603,4670,8003,2,700
2444,1202,8603,4670,8003,2,700
27,1050,8650,4670,8421,2,500
1671,1202,8603,4670,8003,2,700
174,1202,8603,4670,8003,2,700
1939,1202,8603,4670,8003,2,700
1621,1202,8603,4670,8003,2,700
1931,1202,8603,4670,8003,2,700
1661,1202,8603,4670,8003,2,700
317,1202,8603,4670,8003,2,700
72,1202,8603,4670,8032,2,800
2153,1202,8603,4670,8003,2,700
1814,1202,8603,4670,8003,2,700
408,1202,8603,4670,8003,2,700
1351,1202,8603,4670,8003,2,700
1001,1202,8603,4670,8003,2,700
2165,1202,8603,4670,8003,2,700
277,1202,8603,4670,8003,2,700
984,1202,8603,4670,8003,2,700
358,1202,8603,4670,8003,2,700
942,1202,8603,4670,8003,2,700
1598,1202,8603,4670,8003,2,700
951,1202,8603,4670,8003,2,700
787,1202,8603,4670,8003,2,700
2128,1202,8603,4670,8003,2,700
2197,1202,8603,4670,8003,2,700
2323,1202,8603,4670,8003,2,700
2483,1202,8603,4670,8003,2,700
1494,1202,8603,4670,8003,2,700
2312,1202,8603,4670,8003,2,700
1092,1202,8603,4670,8003,2,700
2255,1202,8603,4670,8003,2,700
226,1202,8603,4670,8003,2,700
1897,1202,8603,4670,8003,2,700
656,1202,8603,4670,8003,2,700
1305,1202,8603,4670,8003,2,700
1683,1202,8603,4670,8003,2,700
873,1202,8603,4670,8003,2,700
2430,1202,8603,4670,8003,2,700
2074,1202,8603,4670,8003,2,700
1185,1202,8603,4670,8003,2,700
140,1202,8603,4670,8003,2,700
2463,1202,8603,4670,8003,2,700
93,1202,8603,4679,8003,2,700
1924,1202,8603,4670,8003,2,700
1162,1202,8603,4670,8003,2,700
118,1202,8603,4670,8003,2,700
1788,1202,8603,4670,8003,2,700
1249,1202,8603,4670,8003,2,700
1009,1202,8603,4670,8003,2,700
1953,1202,8603,4670,8003,2,700
1799,1202,8603,4670,8003,2,700
1507,1202,8603,4670,8003,2,700
552,1202,8603,4670,8003,2,700
2008,1202,8603,4670,8003,2,700
556,1202,8603,4670,8003,2,700
2256,1202,8603,4670,8003,2,700
1830,1202,8603,4670,8003,2,700
881,1202,8603,4670,8003,2,700
1372,1202,8603,4670,8003,2,700
1375,1202,8603,4670,8003,2,700
122,1202,8603,4670,8003,2,700
1262,1202,8603,4670,8003,2,700
2144,1202,8603,4670,8003,2,700
1011,1202,8603,4670,8003,2,700
529,1202,8603,4670,8003,2,700
1415,1202,8603,4670,8003,2,700
1119,1202,8603,4670,8003,2,700
1950,1202,8603,4670,8003,2,700
588,1202,8603,4670,8003,2,700
2471,1202,8603,4670,8003,2,700
2201,1202,8603,4670,8003,2,700
2057,1202,8603,4670,8003,2,700
1569,1202,8603,4670,8003,2,700
1589,1202,8603,4670,8003,2,700
2202,1202,8603,4670,8003,2,700
1651,1202,8603,4670,8003,2,700
1433,1202,8603,4670,8003,2,700
911,1202,8603,4670,8003,2,700
1271,1202,8603,4670,8003,2,700
1798,1202,8603,4670,8003,2,700
2408,1202,8603,4670,8003,2,700
1253,1202,8603,4670,8003,2,700
1339,1202,8603,4670,8003,2,700
2190,1202,8603,4670,8003,2,700
2433,1202,8603,4670,8003,2,700
973,1202,8603,4670,8003,2,700
1560,1202,8603,4670,8003,2,700
1913,1202,8603,4670,8003,2,700
1699,1202,8603,4670,8003,2,700
1928,1202,8603,4670,8003,2,700
1887,1202,8603,4670,8003,2,700
592,1202,8603,4670,8003,2,700
1873,1202,8603,4670,8003,2,700
2381,1202,8603,4670,8003,2,700
1687,1202,8603,4670,8003,2,700
94,1202,8603,4679,8003,2,700
602,1202,8603,4670,8003,2,700
1810,1202,8603,4670,8003,2,700
111,1202,8603,4679,8003,2,700
1616,1202,8603,4670,8003,2,700
764,1202,8603,4670,8003,2,700
218,1202,8603,4670,8003,2,700
325,1202,8603,4670,8003,2,700
2006,1202,8603,4670,8003,2,700
1861,1202,8603,4670,8003,2,700
505,1202,8603,4670,8003,2,700
507,1202,8603,4670,8003,2,700
1357,1202,8603,4670,8003,2,700
65,1174,8679,4670,8032,2,700
2106,1202,8603,4670,8003,2,700
1695,1202,8603,4670,8003,2,700
2329,1202,8603,4670,8003,2,700
2372,1202,8603,4670,8003,2,700
411,1202,8603,4670,8003,2,700
2489,1202,8603,4670,8003,2,700
1579,1202,8603,4670,8003,2,700
1979,1202,8603,4670,8003,2,700
1467,1202,8603,4670,8003,2,700
2004,1202,8603,4670,8003,2,700
423,1202,8603,4670,8003,2,700
2427,1202,8603,4670,8003,2,700
1840,1202,8603,4670,8003,2,700
1055,1202,8603,4670,8003,2,700
1431,1202,8603,4670,8003,2,700
605,1202,8603,4670,8003,2,700
1509,1202,8603,4670,8003,2,700
1362,1202,8603,4670,8003,2,700
2456,1202,8603,4670,8003,2,700
1824,1202,8603,4670,8003,2,700
2156,1202,8603,4670,8003,2,700
785,1202,8603,4670,8003,2,700
2321,1202,8603,4670,8003,2,700
1482,1202,8603,4670,8003,2,700
671,1202,8603,4670,8003,2,700
1145,1202,8603,4670,8003,2,700
1694,1202,8603,4670,8003,2,700
1860,1202,8603,4670,8003,2,700
1400,1202,8603,4670,8003,2,700
233,1202,8603,4670,8003,2,700
2183,1202,8603,4670,8003,2,700
1513,1202,8603,4670,8003,2,700
1459,1202,8603,4670,8003,2,700
216,1202,8603,4670,8003,2,700
561,1202,8603,4670,8003,2,700
7,1050,8650,4670,8516,1,500
1021,1202,8603,4670,8003,2,700
9,1050,8650,4670,8516,1,500
1803,1202,8603,4670,8003,2,700
941,1202,8603,4670,8003,2,700
1399,1202,8603,4670,8003,2,700
915,1202,8603,4670,8003,2,700
1948,1202,8603,4670,8003,2,700
60,1174,8679,4670,8231,2,700
693,1202,8603,4670,8003,2,700
181,1202,8603,4670,8003,2,700
741,1202,8603,4670,8003,2,700
1373,1202,8603,4670,8003,2,700
84,1202,8603,4679,8013,2,700
1115,1202,8603,4670,8003,2,700
2136,1202,8603,4670,8003,2,700
164,1202,8603,4670,8003,2,700
387,1202,8603,4670,8003,2,700
56,1174,8679,4670,8317,2,700
364,1202,8603,4670,8003,2,700
449,1202,8603,4670,8003,2,700
1644,1202,8603,4670,8003,2,700
739,1202,8603,4670,8003,2,700
465,1202,8603,4670,8003,2,700
1389,1202,8603,4670,8003,2,700
949,1202,8603,4670,8003,2,700
1993,1202,8603,4670,8003,2,700
1841,1202,8603,4670,8003,2,700
2094,1202,8603,4670,8003,2,700
304,1202,8603,4670,8003,2,700
2475,1202,8603,4670,8003,2,700
18,1050,8650,4670,8507,1,600
944,1202,8603,4670,8003,2,700
2238,1202,8603,4670,8003,2,700
520,1202,8603,4670,8003,2,700
589,1202,8603,4670,8003,2,700
1898,1202,8603,4670,8003,2,700
2046,1202,8603,4670,8003,2,700
430,1202,8603,4670,8003,2,700
1196,1202,8603,4670,8003,2,700
1108,1202,8603,4670,8003,2,700
333,1202,8603,4670,8003,2,700
1155,1202,8603,4670,8003,2,700
402,1202,8603,4670,8003,2,700
2384,1202,8603,4670,8003,2,700
585,1202,8603,4670,8003,2,700
2341,1202,8603,4670,8003,2,700
1927,1202,8603,4670,8003,2,700
1784,1202,8603,4670,8003,2,700
433,1202,8603,4670,8003,2,700
152,1202,8603,4670,8003,2,700
1650,1202,8603,4670,8003,2,700
2170,1202,8603,4670,8003,2,700
731,1202,8603,4670,8003,2,700
1646,1202,8603,4670,8003,2,700
1237,1202,8603,4670,8003,2,700
212,1202,8603,4670,8003,2,700
2064,1202,8603,4670,8003,2,700
846,1202,8603,4670,8003,2,700
346,1202,8603,4670,8003,2,700
501,1202,8603,4670,8003,2,700
2246,1202,8603,4670,8003,2,700
48,1174,8679,4670,8317,2,700
420,1202,8603,4670,8003,2,700
2141,1202,8603,4670,8003,2,700
336,1202,8603,4670,8003,2,700
640,1202,8603,4670,8003,2,700
396,1202,8603,4670,8003,2,700
169,1202,8603,4670,8003,2,700
90,1202,8603,4679,8003,2,700
2371,1202,8603,4670,8003,2,700
426,1202,8603,4670,8003,2,700
2250,1202,8603,4670,8003,2,700
2041,1202,8603,4670,8003,2,700
2163,1202,8603,4670,8003,2,700
1670,1202,8603,4670,8003,2,700
1711,1202,8603,4670,8003,2,700
719,1202,8603,4670,8003,2,700
313,1202,8603,4670,8003,2,700
892,1202,8603,4670,8003,2,700
1476,1202,8603,4670,8003,2,700
2133,1202,8603,4670,8003,2,700
428,1202,8603,4670,8003,2,700
371,1202,8603,4670,8003,2,700
2403,1202,8603,4670,8003,2,700
717,1202,8603,4670,8003,2,700
2221,1202,8603,4670,8003,2,700
2066,1202,8603,4670,8003,2,700
443,1202,8603,4670,8003,2,700
1496,1202,8603,4670,8003,2,700
2162,1202,8603,4670,8003,2,700
815,1202,8603,4670,8003,2,700
1540,1202,8603,4670,8003,2,700
1526,1202,8603,4670,8003,2,700
1265,1202,8603,4670,8003,2,700
1723,1202,8603,4670,8003,2,700
798,1202,8603,4670,8003,2,700
1868,1202,8603,4670,8003,2,700
1468,1202,8603,4670,8003,2,700
598,1202,8603,4670,8003,2,700
738,1202,8603,4670,8003,2,700
1240,1202,8603,4670,8003,2,700
1781,1202,8603,4670,8003,2,700
2233,1202,8603,4670,8003,2,700
1620,1202,8603,4670,8003,2,700
1517,1202,8603,4670,8003,2,700
2101,1202,8603,4670,8003,2,700
1408,1202,8603,4670,8003,2,700
1163,1202,8603,4670,8003,2,700
2121,1202,8603,4670,8003,2,700
1160,1202,8603,4670,8003,2,700
1984,1202,8603,4670,8003,2,700
78,1202,8603,4670,8013,2,800
2388,1202,8603,4670,8003,2,700
972,1202,8603,4670,8003,2,700
916,1202,8603,4670,8003,2,700
1720,1202,8603,4670,8003,2,700
932,1202,8603,4670,8003,2,700
2297,1202,8603,4670,8003,2,700
1013,1202,8603,4670,8003,2,700
1242,1202,8603,4670,8003,2,700
2117,1202,8603,4670,8003,2,700
2042,1202,8603,4670,8003,2,700
707,1202,8603,4670,8003,2,700
1012,1202,8603,4670,8003,2,700
1343,1202,8603,4670,8003,2,700
87,1202,8603,4679,8003,2,700
883,1202,8603,4670,8003,2,700
1382,1202,8603,4670,8003,2,700
1447,1202,8603,4670,8003,2,700
2223,1202,8603,4670,8003,2,700
502,1202,8603,4670,8003,2,700
876,1202,8603,4670,8003,2,700
41,1174,8679,4670,8421,1,1200
1797,1202,8603,4670,8003,2,700
1998,1202,8603,4670,8003,2,700
321,1202,8603,4670,8003,2,700
954,1202,8603,4670,8003,2,700
1308,1202,8603,4670,8003,2,700
291,1202,8603,4670,8003,2,700
1714,1202,8603,4670,8003,2,700
2145,1202,8603,4670,8003,2,700
629,1202,8603,4670,8003,2,700
1047,1202,8603,4670,8003,2,700
347,1202,8603,4670,8003,2,700
920,1202,8603,4670,8003,2,700
828,1202,8603,4670,8003,2,700
1417,1202,8603,4670,8003,2,700
2226,1202,8603,4670,8003,2,700
1552,1202,8603,4670,8003,2,700
40,1174,8679,4670,8421,1,1200
2096,1202,8603,4670,8003,2,700
303,1202,8603,4670,8003,2,700
1277,1202,8603,4670,8003,2,700
1990,1202,8603,4670,8003,2,700
1144,1202,8603,4670,8003,2,700
1166,1202,8603,4670,8003,2,700
1929,1202,8603,4670,8003,2,700
2468,1202,8603,4670,8003,2,700
1923,1202,8603,4670,8003,2,700
389,1202,8603,4670,8003,2,700
2407,1202,8603,4670,8003,2,700
849,1202,8603,4670,8003,2,700
594,1202,8603,4670,8003,2,700
4,1050,8650,4660,8526,1,500
1320,1202,8603,4670,8003,2,700
57,1174,8679,4670,8317,2,700
1097,1202,8603,4670,8003,2,700
562,1202,8603,4670,8003,2,700
1580,1202,8603,4670,8003,2,700
352,1202,8603,4670,8003,2,700
1113,1202,8603,4670,8003,2,700
456,1202,8603,4670,8003,2,700
1420,1202,8603,4670,8003,2,700
383,1202,8603,4670,8003,2,700
2124,1202,8603,4670,8003,2,700
329,1202,8603,4670,8003,2,700
548,1202,8603,4670,8003,2,700
1817,1202,8603,4670,8003,2,700
2099,1202,8603,4670,8003,2,700
413,1202,8603,4670,8003,2,700
1921,1202,8603,4670,8003,2,700
711,1202,8603,4670,8003,2,700
1816,1202,8603,4670,8003,2,700
6,1050,8650,4670,8526,1,500
2252,1202,8603,4670,8003,2,700
854,1202,8603,4670,8003,2,700
736,1202,8603,4670,8003,2,700
2451,1202,8603,4670,8003,2,700
1053,1202,8603,4670,8003,2,700
498,1202,8603,4670,8003,2,700
1844,1202,8603,4670,8003,2,700
272,1202,8603,4670,8003,2,700
2428,1202,8603,4670,8003,2,700
646,1202,8603,4670,8003,2,700
2294,1202,8603,4670,8003,2,700
1391,1202,8603,4670,8003,2,700
1461,1202,8603,4670,8003,2,700
225,1202,8603,4670,8003,2,700
1017,1202,8603,4670,8003,2,700
993,1202,8603,4670,8003,2,700
2146,1202,8603,4670,8003,2,700
904,1202,8603,4670,8003,2,700
909,1202,8603,4670,8003,2,700
1127,1202,8603,4670,8003,2,700
2075,1202,8603,4670,8003,2,700
2300,1202,8603,4670,8003,2,700
1783,1202,8603,4670,8003,2,700
1634,1202,8603,4670,8003,2,700
521,1202,8603,4670,8003,2,700
622,1202,8603,4670,8003,2,700
1297,1202,8603,4670,8003,2,700
1773,1202,8603,4670,8003,2,700
542,1202,8603,4670,8003,2,700
1934,1202,8603,4670,8003,2,700
745,1202,8603,4670,8003,2,700
1221,1202,8603,4670,8003,2,700
2278,1202,8603,4670,8003,2,700
31,1050,8650,4670,8421,2,600
1666,1202,8603,4670,8003,2,700
2311,1202,8603,4670,8003,2,700
1023,1202,8603,4670,8003,2,700
510,1202,8603,4670,8003,2,700
258,1202,8603,4670,8003,2,700
2103,1202,8603,4670,8003,2,700
1324,1202,8603,4670,8003,2,700
253,1202,8603,4670,8003,2,700
1519,1202,8603,4670,8003,2,700
1648,1202,8603,4670,8003,2,700
1643,1202,8603,4670,8003,2,700
132,1202,8603,4670,8003,2,700
1404,1202,8603,4670,8003,2,700
215,1202,8603,4670,8003,2,700
2090,1202,8603,4670,8003,2,700
1008,1202,8603,4670,8003,2,700
1429,1202,8603,4670,8003,2,700
1596,1202,8603,4670,8003,2,700
819,1202,8603,4670,8003,2,700
2401,1202,8603,4670,8003,2,700
1330,1202,8603,4670,8003,2,700
120,1202,8603,4670,8003,2,700
720,1202,8603,4670,8003,2,700
1586,1202,8603,4670,8003,2,700
618,1202,8603,4670,8003,2,700
1908,1202,8603,4670,8003,2,700
572,1202,8603,4670,8003,2,700
1110,1202,8603,4670,8003,2,700
938,1202,8603,4670,8003,2,700
724,1202,8603,4670,8003,2,700
260,1202,8603,4670,8003,2,700
679,1202,8603,4670,8003,2,700
1206,1202,8603,4670,8003,2,700
1209,1202,8603,4670,8003,2,700
1326,1202,8603,4670,8003,2,700
989,1202,8603,4670,8003,2,700
518,1202,8603,4670,8003,2,700
432,1202,8603,4670,8003,2,700
865,1202,8603,4670,8003,2,700
32,1050,8650,4670,8421,2,600
2464,1202,8603,4670,8003,2,700
1105,1202,8603,4670,8003,2,700
101,1202,8603,4679,8003,2,700
1407,1202,8603,4670,8003,2,700
28,1050,8650,4670,8421,2,500
1751,1202,8603,4670,8003,2,700
2316,1202,8603,4670,8003,2,700
1437,1202,8603,4670,8003,2,700
2509,1202,8603,4670,8003,2,700
399,1202,8603,4670,8003,2,700
476,1202,8603,4670,8003,2,700
642,1202,8603,4670,8003,2,700
698,1202,8603,4670,8003,2,700
1071,1202,8603,4670,8003,2,700
1891,1202,8603,4670,8003,2,700
1263,1202,8603,4670,8003,2,700
1890,1202,8603,4670,8003,2,700
1211,1202,8603,4670,8003,2,700
1847,1202,8603,4670,8003,2,700
627,1202,8603,4670,8003,2,700
134,1202,8603,4670,8003,2,700
526,1202,8603,4670,8003,2,700
851,1202,8603,4670,8003,2,700
730,1202,8603,4670,8003,2,700
770,1202,8603,4670,8003,2,700
2333,1202,8603,4670,8003,2,700
2484,1202,8603,4670,8003,2,700
1024,1202,8603,4670,8003,2,700
1062,1202,8603,4670,8003,2,700
1645,1202,8603,4670,8003,2,700
805,1202,8603,4670,8003,2,700
1987,1202,8603,4670,8003,2,700
900,1202,8603,4670,8003,2,700
700,1202,8603,4670,8003,2,700
2079,1202,8603,4670,8003,2,700
567,1202,8603,4670,8003,2,700
479,1202,8603,4670,8003,2,700
1,1050,8650,4708,8526,1,600
393,1202,8603,4670,8003,2,700
2002,1202,8603,4670,8003,2,700
116,1202,8603,4679,8003,2,700
1230,1202,8603,4670,8003,2,700
353,1202,8603,4670,8003,2,700
1479,1202,8603,4670,8003,2,700
1198,1202,8603,4670,8003,2,700
1177,1202,8603,4670,8003,2,700
612,1202,8603,4670,8003,2,700
1833,1202,8603,4670,8003,2,700
482,1202,8603,4670,8003,2,700
204,1202,8603,4670,8003,2,700
825,1202,8603,4670,8003,2,700
1049,1202,8603,4670,8003,2,700
2236,1202,8603,4670,8003,2,700
1866,1202,8603,4670,8003,2,700
147,1202,8603,4670,8003,2,700
2083,1202,8603,4670,8003,2,700
1885,1202,8603,4670,8003,2,700
1542,1202,8603,4670,8003,2,700
2376,1202,8603,4670,8003,2,700
2365,1202,8603,4670,8003,2,700
453,1202,8603,4670,8003,2,700
2267,1202,8603,4670,8003,2,700
1915,1202,8603,4670,8003,2,700
2391,1202,8603,4670,8003,2,700
2286,1202,8603,4670,8003,2,700
1600,1202,8603,4670,8003,2,700
1940,1202,8603,4670,8003,2,700
1558,1202,8603,4670,8003,2,700
1393,1202,8603,4670,8003,2,700
2404,1202,8603,4670,8003,2,700
1122,1202,8603,4670,8003,2,700
1402,1202,8603,4670,8003,2,700
611,1202,8603,4670,8003,2,700
781,1202,8603,4670,8003,2,700
2310,1202,8603,4670,8003,2,700
595,1202,8603,4670,8003,2,700
2452,1202,8603,4670,8003,2,700
2387,1202,8603,4670,8003,2,700
390,1202,8603,4670,8003,2,700
1306,1202,8603,4670,8003,2,700
549,1202,8603,4670,8003,2,700
823,1202,8603,4670,8003,2,700
1567,1202,8603,4670,8003,2,700
937,1202,8603,4670,8003,2,700
543,1202,8603,4670,8003,2,700
742,1202,8603,4670,8003,2,700
1054,1202,8603,4670,8003,2,700
1291,1202,8603,4670,8003,2,700
2217,1202,8603,4670,8003,2,700
986,1202,8603,4670,8003,2,700
448,1202,8603,4670,8003,2,700
814,1202,8603,4670,8003,2,700
608,1202,8603,4670,8003,2,700
1704,1202,8603,4670,8003,2,700
1669,1202,8603,4670,8003,2,700
1665,1202,8603,4670,8003,2,700
744,1202,8603,4670,8003,2,700
1037,1202,8603,4670,8003,2,700
2481,1202,8603,4670,8003,2,700
1730,1202,8603,4670,8003,2,700
1612,1202,8603,4670,8003,2,700
841,1202,8603,4670,8003,2,700
1678,1202,8603,4670,8003,2,700
1502,1202,8603,4670,8003,2,700
1078,1202,8603,4670,8003,2,700
1901,1202,8603,4670,8003,2,700
109,1202,8603,4679,8003,2,700
269,1202,8603,4670,8003,2,700
98,1202,8603,4679,8003,2,700
427,1202,8603,4670,8003,2,700
1204,1202,8603,4670,8003,2,700
1812,1202,8603,4670,8003,2,700
2461,1202,8603,4670,8003,2,700
1438,1202,8603,4670,8003,2,700
2104,1202,8603,4670,8003,2,700
1506,1202,8603,4670,8003,2,700
17,1050,8650,4670,8507,1,600
1735,1202,8603,4670,8003,2,700
2296,1202,8603,4670,8003,2,700
1091,1202,8603,4670,8003,2,700
903,1202,8603,4670,8003,2,700
554,1202,8603,4670,8003,2,700
1002,1202,8603,4670,8003,2,700
1454,1202,8603,4670,8003,2,700
343,1202,8603,4670,8003,2,700
1034,1202,8603,4670,8003,2,700
2070,1202,8603,4670,8003,2,700
1321,1202,8603,4670,8003,2,700
296,1202,8603,4670,8003,2,700
796,1202,8603,4670,8003,2,700
497,1202,8603,4670,8003,2,700
2410,1202,8603,4670,8003,2,700
368,1202,8603,4670,8003,2,700
1405,1202,8603,4670,8003,2,700
1546,1202,8603,4670,8003,2,700
541,1202,8603,4670,8003,2,700
444,1202,8603,4670,8003,2,700
2414,1202,8603,4670,8003,2,700
1299,1202,8603,4670,8003,2,700
241,1202,8603,4670,8003,2,700
959,1202,8603,4670,8003,2,700
114,1202,8603,4679,8003,2,700
946,1202,8603,4670,8003,2,700
999,1202,8603,4670,8003,2,700
1531,1202,8603,4670,8003,2,700
1943,1202,8603,4670,8003,2,700
83,1202,8603,4679,8013,2,700
714,1202,8603,4670,8003,2,700
1731,1202,8603,4670,8003,2,700
997,1202,8603,4670,8003,2,700
1018,1202,8603,4670,8003,2,700
2502,1202,8603,4670,8003,2,700
994,1202,8603,4670,8003,2,700
242,1202,8603,4670,8003,2,700
599,1202,8603,4670,8003,2,700
1748,1202,8603,4670,8003,2,700
424,1202,8603,4670,8003,2,700
800,1202,8603,4670,8003,2,700
1201,1202,8603,4670,8003,2,700
634,1202,8603,4670,8003,2,700
1354,1202,8603,4670,8003,2,700
1139,1202,8603,4670,8003,2,700
1821,1202,8603,4670,8003,2,700
1649,1202,8603,4670,8003,2,700
149,1202,8603,4670,8003,2,700
879,1202,8603,4670,8003,2,700
1997,1202,8603,4670,8003,2,700
1101,1202,8603,4670,8003,2,700
398,1202,8603,4670,8003,2,700
1980,1202,8603,4670,8003,2,700
2248,1202,8603,4670,8003,2,700
1470,1202,8603,4670,8003,2,700
2343,1202,8603,4670,8003,2,700
22,1050,8650,4670,8421,1,1000
2097,1202,8603,4670,8003,2,700
2049,1202,8603,4670,8003,2,700
2383,1202,8603,4670,8003,2,700
126,1202,8603,4670,8003,2,700
1390,1202,8603,4670,8003,2,700
2340,1202,8603,4670,8003,2,700
1656,1202,8603,4670,8003,2,700
1213,1202,8603,4670,8003,2,700
969,1202,8603,4670,8003,2,700
228,1202,8603,4670,8003,2,700
1117,1202,8603,4670,8003,2,700
2320,1202,8603,4670,8003,2,700
1662,1202,8603,4670,8003,2,700
1296,1202,8603,4670,8003,2,700
1849,1202,8603,4670,8003,2,700
1455,1202,8603,4670,8003,2,700
1168,1202,8603,4670,8003,2,700
2127,1202,8603,4670,8003,2,700
2007,1202,8603,4670,8003,2,700
913,1202,8603,4670,8003,2,700
2082,1202,8603,4670,8003,2,700
2044,1202,8603,4670,8003,2,700
1568,1202,8603,4670,8003,2,700
1829,1202,8603,4670,8003,2,700
2355,1202,8603,4670,8003,2,700
1742,1202,8603,4670,8003,2,700
2219,1202,8603,4670,8003,2,700
1452,1202,8603,4670,8003,2,700
1336,1202,8603,4670,8003,2,700
1075,1202,8603,4670,8003,2,700
1472,1202,8603,4670,8003,2,700
370,1202,8603,4670,8003,2,700
19,1050,8650,4670,8507,1,800
1287,1202,8603,4670,8003,2,700
348,1202,8603,4670,8003,2,700
59,1174,8679,4670,8317,2,700
1867,1202,8603,4670,8003,2,700
1960,1202,8603,4670,8003,2,700
247,1202,8603,4670,8003,2,700
1991,1202,8603,4670,8003,2,700
2225,1202,8603,4670,8003,2,700
1520,1202,8603,4670,8003,2,700
2454,1202,8603,4670,8003,2,700
2102,1202,8603,4670,8003,2,700
250,1202,8603,4670,8003,2,700
2293,1202,8603,4670,8003,2,700
1525,1202,8603,4670,8003,2,700
1647,1202,8603,4670,8003,2,700
357,1202,8603,4670,8003,2,700
2138,1202,8603,4670,8003,2,700
839,1202,8603,4670,8003,2,700
1334,1202,8603,4670,8003,2,700
2119,1202,8603,4670,8003,2,700
305,1202,8603,4670,8003,2,700
1737,1202,8603,4670,8003,2,700
1904,1202,8603,4670,8003,2,700
312,1202,8603,4670,8003,2,700
1968,1202,8603,4670,8003,2,700
316,1202,8603,4670,8003,2,700
827,1202,8603,4670,8003,2,700
2476,1202,8603,4670,8003,2,700
945,1202,8603,4670,8003,2,700
1236,1202,8603,4670,8003,2,700
1584,1202,8603,4670,8003,2,700
238,1202,8603,4670,8003,2,700
67,1174,8679,4670,8032,2,700
1972,1202,8603,4670,8003,2,700
334,1202,8603,4670,8003,2,700
636,1202,8603,4670,8003,2,700
1975,1202,8603,4670,8003,2,700
386,1202,8603,4670,8003,2,700
1212,1202,8603,4670,8003,2,700
830,1202,8603,4670,8003,2,700
2216,1202,8603,4670,8003,2,700
1738,1202,8603,4670,8003,2,700
2253,1202,8603,4670,8003,2,700
1421,1202,8603,4670,8003,2,700
500,1202,8603,4670,8003,2,700
718,1202,8603,4670,8003,2,700
1068,1202,8603,4670,8003,2,700
632,1202,8603,4670,8003,2,700
2486,1202,8603,4670,8003,2,700
2359,1202,8603,4670,8003,2,700
1918,1202,8603,4670,8003,2,700
743,1202,8603,4670,8003,2,700
1441,1202,8603,4670,8003,2,700
1965,1202,8603,4670,8003,2,700
1319,1202,8603,4670,8003,2,700
209,1202,8603,4670,8003,2,700
2027,1202,8603,4670,8003,2,700
1778,1202,8603,4670,8003,2,700
1341,1202,8603,4670,8003,2,700
1302,1202,8603,4670,8003,2,700
478,1202,8603,4670,8003,2,700
1498,1202,8603,4670,8003,2,700
2051,1202,8603,4670,8003,2,700
1936,1202,8603,4670,8003,2,700
1983,1202,8603,4670,8003,2,700
1862,1202,8603,4670,8003,2,700
1594,1202,8603,4670,8003,2,700
435,1202,8603,4670,8003,2,700
540,1202,8603,4670,8003,2,700
866,1202,8603,4670,8003,2,700
2309,1202,8603,4670,8003,2,700
2349,1202,8603,4670,8003,2,700
1892,1202,8603,4670,8003,2,700
2431,1202,8603,4670,8003,2,700
1169,1202,8603,4670,8003,2,700
1680,1202,8603,4670,8003,2,700
1063,1202,8603,4670,8003,2,700
1619,1202,8603,4670,8003,2,700
1828,1202,8603,4670,8003,2,700
153,1202,8603,4670,8003,2,700
1430,1202,8603,4670,8003,2,700
653,1202,8603,4670,8003,2,700
1758,1202,8603,4670,8003,2,700
516,1202,8603,4670,8003,2,700
864,1202,8603,4670,8003,2,700
1349,1202,8603,4670,8003,2,700
1838,1202,8603,4670,8003,2,700
1846,1202,8603,4670,8003,2,700
249,1202,8603,4670,8003,2,700
509,1202,8603,4670,8003,2,700
1876,1202,8603,4670,8003,2,700
1200,1202,8603,4670,8003,2,700
251,1202,8603,4670,8003,2,700
794,1202,8603,4670,8003,2,700
897,1202,8603,4670,8003,2,700
2105,1202,8603,4670,8003,2,700
1250,1202,8603,4670,8003,2,700
124,1202,8603,4670,8003,2,700
1839,1202,8603,4670,8003,2,700
1510,1202,8603,4670,8003,2,700
1130,1202,8603,4670,8003,2,700
2326,1202,8603,4670,8003,2,700
1260,1202,8603,4670,8003,2,700
1396,1202,8603,4670,8003,2,700
1087,1202,8603,4670,8003,2,700
307,1202,8603,4670,8003,2,700
573,1202,8603,4670,8003,2,700
2264,1202,8603,4670,8003,2,700
97,1202,8603,4679,8003,2,700
1724,1202,8603,4670,8003,2,700
34,1050,8650,4670,8421,1,1200
1456,1202,8603,4670,8003,2,700
2240,1202,8603,4670,8003,2,700
279,1202,8603,4670,8003,2,700
1878,1202,8603,4670,8003,2,700
840,1202,8603,4670,8003,2,700
1294,1202,8603,4670,8003,2,700
774,1202,8603,4670,8003,2,700
2196,1202,8603,4670,8003,2,700
620,1202,8603,4670,8003,2,700
2227,1202,8603,4670,8003,2,700
2220,1202,8603,4670,8003,2,700
2470,1202,8603,4670,8003,2,700
1205,1202,8603,4670,8003,2,700
2173,1202,8603,4670,8003,2,700
674,1202,8603,4670,8003,2,700
1079,1202,8603,4670,8003,2,700
1239,1202,8603,4670,8003,2,700
1693,1202,8603,4670,8003,2,700
47,1174,8679,4670,8326,2,700
2178,1202,8603,4670,8003,2,700
557,1202,8603,4670,8003,2,700
195,1202,8603,4670,8003,2,700
103,1202,8603,4679,8003,2,700
772,1202,8603,4670,8003,2,700
2150,1202,8603,4670,8003,2,700
417,1202,8603,4670,8003,2,700
2239,1202,8603,4670,8003,2,700
1763,1202,8603,4670,8003,2,700
265,1202,8603,4670,8003,2,700
1795,1202,8603,4670,8003,2,700
2272,1202,8603,4670,8003,2,700
2212,1202,8603,4670,8003,2,700
1613,1202,8603,4670,8003,2,700
280,1202,8603,4670,8003,2,700
943,1202,8603,4670,8003,2,700
2441,1202,8603,4670,8003,2,700
1189,1202,8603,4670,8003,2,700
2367,1202,8603,4670,8003,2,700
1673,1202,8603,4670,8003,2,700
297,1202,8603,4670,8003,2,700
1549,1202,8603,4670,8003,2,700
13,1050,8650,4670,8507,1,600
2086,1202,8603,4670,8003,2,700
2161,1202,8603,4670,8003,2,700
850,1202,8603,4670,8003,2,700
105,1202,8603,4679,8003,2,700
975,1202,8603,4670,8003,2,700
112,1202,8603,4679,8003,2,700
1182,1202,8603,4670,8003,2,700
844,1202,8603,4670,8003,2,700
2033,1202,8603,4670,8003,2,700
855,1202,8603,4670,8003,2,700
1767,1202,8603,4670,8003,2,700
1178,1202,8603,4670,8003,2,700
1760,1202,8603,4670,8003,2,700
2379,1202,8603,4670,8003,2,700
824,1202,8603,4670,8003,2,700
244,1202,8603,4670,8003,2,700
957,1202,8603,4670,8003,2,700
477,1202,8603,4670,8003,2,700
2069,1202,8603,4670,8003,2,700
1234,1202,8603,4670,8003,2,700
2176,1202,8603,4670,8003,2,700
2028,1202,8603,4670,8003,2,700
289,1202,8603,4670,8003,2,700
1618,1202,8603,4670,8003,2,700
706,1202,8603,4670,8003,2,700
1869,1202,8603,4670,8003,2,700
1371,1202,8603,4670,8003,2,700
597,1202,8603,4670,8003,2,700
1137,1202,8603,4670,8003,2,700
953,1202,8603,4670,8003,2,700
1977,1202,8603,4670,8003,2,700
917,1202,8603,4670,8003,2,700
1585,1202,8603,4670,8003,2,700
621,1202,8603,4670,8003,2,700
584,1202,8603,4670,8003,2,700
673,1202,8603,4670,8003,2,700
1870,1202,8603,4670,8003,2,700
463,1202,8603,4670,8003,2,700
459,1202,8603,4670,8003,2,700
1369,1202,8603,4670,8003,2,700
1518,1202,8603,4670,8003,2,700
1571,1202,8603,4670,8003,2,700
919,1202,8603,4670,8003,2,700
211,1202,8603,4670,8003,2,700
631,1202,8603,4670,8003,2,700
1124,1202,8603,4670,8003,2,700
2498,1202,8603,4670,8003,2,700
301,1202,8603,4670,8003,2,700
275,1202,8603,4670,8003,2,700
385,1202,8603,4670,8003,2,700
2324,1202,8603,4670,8003,2,700
609,1202,8603,4670,8003,2,700
1952,1202,8603,4670,8003,2,700
401,1202,8603,4670,8003,2,700
1385,1202,8603,4670,8003,2,700
2077,1202,8603,4670,8003,2,700
1188,1202,8603,4670,8003,2,700
1028,1202,8603,4670,8003,2,700
1059,1202,8603,4670,8003,2,700
1850,1202,8603,4670,8003,2,700
1823,1202,8603,4670,8003,2,700
2276,1202,8603,4670,8003,2,700
2147,1202,8603,4670,8003,2,700
1406,1202,8603,4670,8003,2,700
455,1202,8603,4670,8003,2,700
2423,1202,8603,4670,8003,2,700
568,1202,8603,4670,8003,2,700
2344,1202,8603,4670,8003,2,700
1926,1202,8603,4670,8003,2,700
1439,1202,8603,4670,8003,2,700
923,1202,8603,4670,8003,2,700
2352,1202,8603,4670,8003,2,700
1787,1202,8603,4670,8003,2,700
829,1202,8603,4670,8003,2,700
2249,1202,8603,4670,8003,2,700
872,1202,8603,4670,8003,2,700
1129,1202,8603,4670,8003,2,700
446,1202,8603,4670,8003,2,700
1725,1202,8603,4670,8003,2,700
635,1202,8603,4670,8003,2,700
2271,1202,8603,4670,8003,2,700
1831,1202,8603,4670,8003,2,700
539,1202,8603,4670,8003,2,700
1529,1202,8603,4670,8003,2,700
92,1202,8603,4679,8003,2,700
1134,1202,8603,4670,8003,2,700
1005,1202,8603,4670,8003,2,700
2184,1202,8603,4670,8003,2,700
890,1202,8603,4670,8003,2,700
2298,1202,8603,4670,8003,2,700
2036,1202,8603,4670,8003,2,700
2037,1202,8603,4670,8003,2,700
1741,1202,8603,4670,8003,2,700
2455,1202,8603,4670,8003,2,700
979,1202,8603,4670,8003,2,700
963,1202,8603,4670,8003,2,700
1663,1202,8603,4670,8003,2,700
2244,1202,8603,4670,8003,2,700
1702,1202,8603,4670,8003,2,700
2497,1202,8603,4670,8003,2,700
2055,1202,8603,4670,8003,2,700
1955,1202,8603,4670,8003,2,700
1245,1202,8603,4670,8003,2,700
961,1202,8603,4670,8003,2,700
848,1202,8603,4670,8003,2,700
1195,1202,8603,4670,8003,2,700
2048,1202,8603,4670,8003,2,700
1794,1202,8603,4670,8003,2,700
2448,1202,8603,4670,8003,2,700
1537,1202,8603,4670,8003,2,700
1636,1202,8603,4670,8003,2,700
734,1202,8603,4670,8003,2,700
610,1202,8603,4670,8003,2,700
2370,1202,8603,4670,8003,2,700
3,1050,8650,4660,8526,1,500
531,1202,8603,4670,8003,2,700
2319,1202,8603,4670,8003,2,700
2354,1202,8603,4670,8003,2,700
831,1202,8603,4670,8003,2,700
1604,1202,8603,4670,8003,2,700
429,1202,8603,4670,8003,2,700
268,1202,8603,4670,8003,2,700
470,1202,8603,4670,8003,2,700
107,1202,8603,4679,8003,2,700
1458,1202,8603,4670,8003,2,700
901,1202,8603,4670,8003,2,700
1427,1202,8603,4670,8003,2,700
686,1202,8603,4670,8003,2,700
1432,1202,8603,4670,8003,2,700
1577,1202,8603,4670,8003,2,700
2078,1202,8603,4670,8003,2,700
799,1202,8603,4670,8003,2,700
1623,1202,8603,4670,8003,2,700
1040,1202,8603,4670,8003,2,700
186,1202,8603,4670,8003,2,700
2115,1202,8603,4670,8003,2,700
2305,1202,8603,4670,8003,2,700
12,1050,8650,4670,8507,1,500
2416,1202,8603,4670,8003,2,700
682,1202,8603,4670,8003,2,700
1363,1202,8603,4670,8003,2,700
950,1202,8603,4670,8003,2,700
1807,1202,8603,4670,8003,2,700
776,1202,8603,4670,8003,2,700
1708,1202,8603,4670,8003,2,700
372,1202,8603,4670,8003,2,700
583,1202,8603,4670,8003,2,700
2393,1202,8603,4670,8003,2,700
2467,1202,8603,4670,8003,2,700
1705,1202,8603,4670,8003,2,700
1856,1202,8603,4670,8003,2,700
414,1202,8603,4670,8003,2,700
1973,1202,8603,4670,8003,2,700
2506,1202,8603,4670,8003,2,700
2142,1202,8603,4670,8003,2,700
1954,1202,8603,4670,8003,2,700
982,1202,8603,4670,8003,2,700
447,1202,8603,4670,8003,2,700
716,1202,8603,4670,8003,2,700
1756,1202,8603,4670,8003,2,700
2437,1202,8603,4670,8003,2,700
2285,1202,8603,4670,8003,2,700
2158,1202,8603,4670,8003,2,700
320,1202,8603,4670,8003,2,700
150,1202,8603,4670,8003,2,700
450,1202,8603,4670,8003,2,700
933,1202,8603,4670,8003,2,700
1469,1202,8603,4670,8003,2,700
1682,1202,8603,4670,8003,2,700
1879,1202,8603,4670,8003,2,700
1743,1202,8603,4670,8003,2,700
1770,1202,8603,4670,8003,2,700
1808,1202,8603,4670,8003,2,700
747,1202,8603,4670,8003,2,700
803,1202,8603,4670,8003,2,700
1679,1202,8603,4670,8003,2,700
2412,1202,8603,4670,8003,2,700
1247,1202,8603,4670,8003,2,700
223,1202,8603,4670,8003,2,700
985,1202,8603,4670,8003,2,700
1132,1202,8603,4670,8003,2,700
235,1202,8603,4670,8003,2,700
1880,1202,8603,4670,8003,2,700
2154,1202,8603,4670,8003,2,700
606,1202,8603,4670,8003,2,700
991,1202,8603,4670,8003,2,700
2397,1202,8603,4670,8003,2,700
1883,1202,8603,4670,8003,2,700
1495,1202,8603,4670,8003,2,700
1152,1202,8603,4670,8003,2,700
1128,1202,8603,4670,8003,2,700
2084,1202,8603,4670,8003,2,700
102,1202,8603,4679,8003,2,700
1473,1202,8603,4670,8003,2,700
285,1202,8603,4670,8003,2,700
1434,1202,8603,4670,8003,2,700
792,1202,8603,4670,8003,2,700
190,1202,8603,4670,8003,2,700
156,1202,8603,4670,8003,2,700
756,1202,8603,4670,8003,2,700
95,1202,8603,4679,8003,2,700
1039,1202,8603,4670,8003,2,700
727,1202,8603,4670,8003,2,700
860,1202,8603,4670,8003,2,700
1976,1202,8603,4670,8003,2,700
1570,1202,8603,4670,8003,2,700
363,1202,8603,4670,8003,2,700
1652,1202,8603,4670,8003,2,700
1292,1202,8603,4670,8003,2,700
524,1202,8603,4670,8003,2,700
262,1202,8603,4670,8003,2,700
1272,1202,8603,4670,8003,2,700
1920,1202,8603,4670,8003,2,700
591,1202,8603,4670,8003,2,700
2450,1202,8603,4670,8003,2,700
2116,1202,8603,4670,8003,2,700
1149,1202,8603,4670,8003,2,700
1098,1202,8603,4670,8003,2,700
354,1202,8603,4670,8003,2,700
1274,1202,8603,4670,8003,2,700
1176,1202,8603,4670,8003,2,700
2050,1202,8603,4670,8003,2,700
2368,1202,8603,4670,8003,2,700
2010,1202,8603,4670,8003,2,700
2493,1202,8603,4670,8003,2,700
2421,1202,8603,4670,8003,2,700
995,1202,8603,4670,8003,2,700
2375,1202,8603,4670,8003,2,700
1947,1202,8603,4670,8003,2,700
1698,1202,8603,4670,8003,2,700
201,1202,8603,4670,8003,2,700
1881,1202,8603,4670,8003,2,700
1500,1202,8603,4670,8003,2,700
784,1202,8603,4670,8003,2,700
16,1050,8650,4670,8507,1,600
196,1202,8603,4670,8003,2,700
544,1202,8603,4670,8003,2,700
703,1202,8603,4670,8003,2,700
1888,1202,8603,4670,8003,2,700
1197,1202,8603,4670,8003,2,700
650,1202,8603,4670,8003,2,700
441,1202,8603,4670,8003,2,700
139,1202,8603,4670,8003,2,700
1791,1202,8603,4670,8003,2,700
137,1202,8603,4670,8003,2,700
746,1202,8603,4670,8003,2,700
294,1202,8603,4670,8003,2,700
1031,1202,8603,4670,8003,2,700
237,1202,8603,4670,8003,2,700
1573,1202,8603,4670,8003,2,700
2479,1202,8603,4670,8003,2,700
537,1202,8603,4670,8003,2,700
1133,1202,8603,4670,8003,2,700
1490,1202,8603,4670,8003,2,700
91,1202,8603,4679,8003,2,700
1348,1202,8603,4670,8003,2,700
1637,1202,8603,4670,8003,2,700
407,1202,8603,4670,8003,2,700
695,1202,8603,4670,8003,2,700
1107,1202,8603,4670,8003,2,700
1141,1202,8603,4670,8003,2,700
654,1202,8603,4670,8003,2,700
1635,1202,8603,4670,8003,2,700
2270,1202,8603,4670,8003,2,700
966,1202,8603,4670,8003,2,700
1210,1202,8603,4670,8003,2,700
252,1202,8603,4670,8003,2,700
2356,1202,8603,4670,8003,2,700
1376,1202,8603,4670,8003,2,700
200,1202,8603,4670,8003,2,700
624,1202,8603,4670,8003,2,700
2500,1202,8603,4670,8003,2,700
1505,1202,8603,4670,8003,2,700
1442,1202,8603,4670,8003,2,700
1256,1202,8603,4670,8003,2,700
1606,1202,8603,4670,8003,2,700
2135,1202,8603,4670,8003,2,700
1624,1202,8603,4670,8003,2,700
154,1202,8603,4670,8003,2,700
206,1202,8603,4670,8003,2,700
790,1202,8603,4670,8003,2,700
1785,1202,8603,4670,8003,2,700
326,1202,8603,4670,8003,2,700
1449,1202,8603,4670,8003,2,700
148,1202,8603,4670,8003,2,700
2398,1202,8603,4670,8003,2,700
88,1202,8603,4679,8003,2,700
1527,1202,8603,4670,8003,2,700
677,1202,8603,4670,8003,2,700
1044,1202,8603,4670,8003,2,700
721,1202,8603,4670,8003,2,700
689,1202,8603,4670,8003,2,700
2259,1202,8603,4670,8003,2,700
899,1202,8603,4670,8003,2,700
962,1202,8603,4670,8003,2,700
1941,1202,8603,4670,8003,2,700
77,1202,8603,4670,8013,2,800
2438,1202,8603,4670,8003,2,700
818,1202,8603,4670,8003,2,700
187,1202,8603,4670,8003,2,700
207,1202,8603,4670,8003,2,700
306,1202,8603,4670,8003,2,700
45,1174,8679,4670,8326,2,700
1323,1202,8603,4670,8003,2,700
1147,1202,8603,4670,8003,2,700
2390,1202,8603,4670,8003,2,700
1109,1202,8603,4670,8003,2,700
1173,1202,8603,4670,8003,2,700
607,1202,8603,4670,8003,2,700
581,1202,8603,4670,8003,2,700
512,1202,8603,4670,8003,2,700
1316,1202,8603,4670,8003,2,700
1685,1202,8603,4670,8003,2,700
2474,1202,8603,4670,8003,2,700
1318,1202,8603,4670,8003,2,700
956,1202,8603,4670,8003,2,700
24,1050,8650,4670,8421,1,1100
1411,1202,8603,4670,8003,2,700
713,1202,8603,4670,8003,2,700
1222,1202,8603,4670,8003,2,700
2193,1202,8603,4670,8003,2,700
1729,1202,8603,4670,8003,2,700
1903,1202,8603,4670,8003,2,700
1275,1202,8603,4670,8003,2,700
2123,1202,8603,4670,8003,2,700
1235,1202,8603,4670,8003,2,700
1982,1202,8603,4670,8003,2,700
1992,1202,8603,4670,8003,2,700
1167,1202,8603,4670,8003,2,700
692,1202,8603,4670,8003,2,700
2005,1202,8603,4670,8003,2,700
381,1202,8603,4670,8003,2,700
1700,1202,8603,4670,8003,2,700
475,1202,8603,4670,8003,2,700
2200,1202,8603,4670,8003,2,700
1766,1202,8603,4670,8003,2,700
760,1202,8603,4670,8003,2,700
315,1202,8603,4670,8003,2,700
708,1202,8603,4670,8003,2,700
623,1202,8603,4670,8003,2,700
1588,1202,8603,4670,8003,2,700
1900,1202,8603,4670,8003,2,700
30,1050,8650,4670,8421,2,500
2447,1202,8603,4670,8003,2,700
1118,1202,8603,4670,8003,2,700
1186,1202,8603,4670,8003,2,700
1046,1202,8603,4670,8003,2,700
1686,1202,8603,4670,8003,2,700
290,1202,8603,4670,8003,2,700
1123,1202,8603,4670,8003,2,700
2281,1202,8603,4670,8003,2,700
340,1202,8603,4670,8003,2,700
1030,1202,8603,4670,8003,2,700
2025,1202,8603,4670,8003,2,700
837,1202,8603,4670,8003,2,700
2411,1202,8603,4670,8003,2,700
1033,1202,8603,4670,8003,2,700
1944,1202,8603,4670,8003,2,700
284,1202,8603,4670,8003,2,700
1911,1202,8603,4670,8003,2,700
486,1202,8603,4670,8003,2,700
2292,1202,8603,4670,8003,2,700
580,1202,8603,4670,8003,2,700
789,1202,8603,4670,8003,2,700
1096,1202,8603,4670,8003,2,700
616,1202,8603,4670,8003,2,700
1419,1202,8603,4670,8003,2,700
1331,1202,8603,4670,8003,2,700
593,1202,8603,4670,8003,2,700
1304,1202,8603,4670,8003,2,700
2107,1202,8603,4670,8003,2,700
1978,1202,8603,4670,8003,2,700
445,1202,8603,4670,8003,2,700
1164,1202,8603,4670,8003,2,700
436,1202,8603,4670,8003,2,700
2003,1202,8603,4670,8003,2,700
1863,1202,8603,4670,8003,2,700
2512,1202,8603,4670,8003,2,700
1016,1202,8603,4670,8003,2,700
1082,1202,8603,4670,8003,2,700
191,1202,8603,4670,8003,2,700
2000,1202,8603,4670,8003,2,700
2505,1202,8603,4670,8003,2,700
2266,1202,8603,4670,8003,2,700
405,1202,8603,4670,8003,2,700
767,1202,8603,4670,8003,2,700
1874,1202,8603,4670,8003,2,700
1100,1202,8603,4670,8003,2,700
1667,1202,8603,4670,8003,2,700
464,1202,8603,4670,8003,2,700
166,1202,8603,4670,8003,2,700
1380,1202,8603,4670,8003,2,700
660,1202,8603,4670,8003,2,700
1444,1202,8603,4670,8003,2,700
1360,1202,8603,4670,8003,2,700
2186,1202,8603,4670,8003,2,700
2279,1202,8603,4670,8003,2,700
816,1202,8603,4670,8003,2,700
1859,1202,8603,4670,8003,2,700
1712,1202,8603,4670,8003,2,700
365,1202,8603,4670,8003,2,700
522,1202,8603,4670,8003,2,700
1000,1202,8603,4670,8003,2,700
579,1202,8603,4670,8003,2,700
2159,1202,8603,4670,8003,2,700
601,1202,8603,4670,8003,2,700
1942,1202,8603,4670,8003,2,700
50,1174,8679,4670,8317,2,700
1480,1202,8603,4670,8003,2,700
723,1202,8603,4670,8003,2,700
1572,1202,8603,4670,8003,2,700
418,1202,8603,4670,8003,2,700
955,1202,8603,4670,8003,2,700
168,1202,8603,4670,8003,2,700
1300,1202,8603,4670,8003,2,700
380,1202,8603,4670,8003,2,700
1099,1202,8603,4670,8003,2,700
868,1202,8603,4670,8003,2,700
1740,1202,8603,4670,8003,2,700
484,1202,8603,4670,8003,2,700
1056,1202,8603,4670,8003,2,700
1622,1202,8603,4670,8003,2,700
2073,1202,8603,4670,8003,2,700
2514,1202,8603,4670,8003,2,700
889,1202,8603,4670,8003,2,700
1126,1202,8603,4670,8003,2,700
2251,1202,8603,4670,8003,2,700
1259,1202,8603,4670,8003,2,700
2017,1202,8603,4670,8003,2,700
1346,1202,8603,4670,8003,2,700
924,1202,8603,4670,8003,2,700
896,1202,8603,4670,8003,2,700
2273,1202,8603,4670,8003,2,700
2012,1202,8603,4670,8003,2,700
628,1202,8603,4670,8003,2,700
263,1202,8603,4670,8003,2,700
1615,1202,8603,4670,8003,2,700
161,1202,8603,4670,8003,2,700
1436,1202,8603,4670,8003,2,700
2472,1202,8603,4670,8003,2,700
1159,1202,8603,4670,8003,2,700
1004,1202,8603,4670,8003,2,700
1478,1202,8603,4670,8003,2,700
1401,1202,8603,4670,8003,2,700
2336,1202,8603,4670,8003,2,700
1937,1202,8603,4670,8003,2,700
2424,1202,8603,4670,8003,2,700
1338,1202,8603,4670,8003,2,700
2198,1202,8603,4670,8003,2,700
2499,1202,8603,4670,8003,2,700
179,1202,8603,4670,8003,2,700
2362,1202,8603,4670,8003,2,700
259,1202,8603,4670,8003,2,700
416,1202,8603,4670,8003,2,700
1077,1202,8603,4670,8003,2,700
857,1202,8603,4670,8003,2,700
1151,1202,8603,4670,8003,2,700
657,1202,8603,4670,8003,2,700
2360,1202,8603,4670,8003,2,700
2443,1202,8603,4670,8003,2,700
1574,1202,8603,4670,8003,2,700
1672,1202,8603,4670,8003,2,700
749,1202,8603,4670,8003,2,700
2072,1202,8603,4670,8003,2,700
1499,1202,8603,4670,8003,2,700
1298,1202,8603,4670,8003,2,700
1910,1202,8603,4670,8003,2,700
664,1202,8603,4670,8003,2,700
342,1202,8603,4670,8003,2,700
1180,1202,8603,4670,8003,2,700
1543,1202,8603,4670,8003,2,700
732,1202,8603,4670,8003,2,700
1403,1202,8603,4670,8003,2,700
1676,1202,8603,4670,8003,2,700
